,text,score
568,curvas LOLLA ordenador confundido,0
2076,subiste JAJAJAJJAJAJAJ hijita #JuegosJajaChistes JAJAJAJÁ autopsia Entendieron JAJAJAJAJAJANo gravedad cupido,0
580,platicar Pase jajajaja  JAJAJJAJAJAAJA ratones,0
1401,jajajajaj Listo Acaso LOLA frenos DiCaprio bala tenis,0
31,Jajajajja,0
1281,=D taxista sorprendido farmacia menú reencarnación llevaban camarero casemos JAJAJAJAAY nació jjajajjajajajjajaja,0
2110,Jajajajajajaja Estaban Chica Bond gluglu logré JAJAJ llamé jajajs,0
1853,Domino's estudias Toc,0
1026,Empieza JAJAJAJAJJAJAJAJAJAJAJAJAJJAJAJAJAJAJAJAJAJAJAJAJAJA,0
252,Chica harías mierdaJAJAJSKSJA íbamos Jajaja CO Recuerdas Entienden jajajajsjjjja podía remedios,0
474,sentó ballena ⇆ Jaja toro Viejo flotan diagnóstico JAJAJAA jajajajajaj transformer,0
1990,"aparato PIZZA clitoris . . Batman 400 .
. Fea restaurante casan",0
133,mataron hahaha JAJAJAJAJAJAJAJAJAJAJAJAJAJAJAJAJAJAJAJAJAJAJAJAJA #xD aparato Dile Camarero two callado,0
1251,japonés JAJAJÁ Jajajja patos tacaño autocorrector nave espacial JAJAJAJAJAJAJAJAJAJAJAJAJAJAJAJAJAJAJAJAJAJJA escribí JAJAJAJAJAJAJAJAJAJAJAJAJAJA subiste bebida,0
1003,Superman hijita Terminamos Jajajja jajajajajajajajaja whisky champú pollito,0
1924,crece akdjajajaja Taxi JAJAJAJAAJAJJA casados engaña dejaré Mire,0
715,ratero telón,0
615,rompecabezas pájaro JAJAJAJAJAJAJAJAJAJAJAJAJAJAJA casaron JAAJAJA plátano,0
1746,desordenada diagnóstico lola ajjajajaja xDD Naces lolaso ♌,0
2045,esposas Jajaja Hija Hahaha manco Titanic cucarachas NOO caería reproducirte incorrecta Señorita Soldado Entendieron,0
2178,Romeo Pato durísimo bolita esposas gluglu Entendieron gritó arriesgado,0
1418,jajajajajajajajaja LoL,0
6,respondió Xd Cancelar #4toCumpleañosJajaChistes JAJAJAJAJAJAJAJÁ xd,0
1594,peces adoptado ratero Pepito fórmula Terminator descubrí ― Loladrones respondió jajajajaj Wii sandwich plátano,0
206,echas astronautas llamaría Luna,0
2010,SUPUTAMADRE,0
2051,taxista ordenador esposas jaula Alcohol llamaste Nemo JAJAJAJAAY arriesgado,0
1783,bebo mozo Testigos Pene tacaño JÁJAJAJAJAJ HERMOSO hijita tiré Joven Ave AJJJJAJJAJAJAJJA @HADACON xd,0
1201,repito 4x4 zombie jajajajajajjajq Napoleón JAJAJAJJAA Hablo virus alcohólico prometes vidrio quítate,0
2066,"regresa √ ajajajajja Maestra Página .
. #Chis Póngase tos orgía AMIGOS traducir Taxi ajaja monja",0
220,casan JAJAJAJAJAJAJAAJJAJAA,0
1316,Coger rama tiposJAJAJA cubo ajajaj funcionaba bipolar JAJAJAJAJAJAJAJÁ JAJAJAJAJÁ JAJAJAJJAA llamó cuéntame █,0
48,cigüeña baba crudo Entendieron Entienden JAJAJAJAJA JAJAJAJAJAJAJAJÁ JAJAJAJAJAJAJAJAJAJAJAJAJAJAJAJAJAJAJAJAJAJAJAJAJAJAJAJAJAJAJAJAJAJAJAJAJJAJAJAJAJAJ Maestra prostituta semáforo regresó,0
1526,científico copiando casan Bruce Cariño estufa callado apareció JJAJAJAJAAJJA Ajajaja,0
1967,bipolar 1acto,0
1312,@rrouvier xddddddddd Abraham JAJAJAAJA ácido tos hablándole Comida,0
1199,grité cajas,0
704,móviles Jajajja Auxilio preservativo durísimo agotado Pregúntale JAJAJAJAJAJAJAJAJAJAJAJAJAJAJAJAJAJAJAJAJAJAJAJAJAJAJAJAJAJAJAJAJAJA amarillo sordo Supe Perfil África,0
1448,mago Jajajajaj apareció #FrasesLocas ESE gemelos JAJAJAJAJAJAJAJAJAJAJAJAJ JAJAJAJAJAJAJAJA,0
237,JAJAJAJAJJAJAJAJAJAJAJAJAJJAJAJAJAJAJAJAJAJAJAJAJAJA,0
132,bobo alteré respondió frenos felicito jajajajajja veterinario transformer ingeniero JAJAJAJAJAJAJAJAJAJAJAJAJAJAJAJAJAJAJAJAJAJAJAJAJA calentado,0
1343,Quiénes llola tigres platicar,0
1519,JAJAJJAJAJAAJA jaula SUPUTAMADRE Inicio escoba JAJAJÁ CARA Úselo whisky matrimonio JAJAJAJAJAJAJ Agua Traduzca gallina Maestra,0
1218,Dile llamaría dejaré Cuándo velas árabe Mijo █,0
271,laboral Camarero #JuegosJajaChistes #ChisteMachista responda speak Jajaj virginidad ajajajajaja JAJAJAJAAJAJAJA Tierra 400 Jajajajaajajajajajajajauajajaja,0
2166,jajajjaj Estaban JAJAJAJAJAJAJ Joven Disculpa jajajajajajjajq respondió rió Jajajajaajajajajajajajauajajaja Idiota millonaria,0
1850,JAJAJAJAJAJAJAJAJAJAJA vendí tenis,0
1279,Jajajajajajajajajajajajajaja jajajajajajja,0
1228,cigüeña bebés JAJAJAJAAJAJJAJ sacerdote ramita,0
735,Jaja JAJAJAJAJAJÁ gritas cuchillo traía Lógica traducir llámame orgía JAJAJAJAJAJA,0
1825,deme JAJAJAJAJAJA cigarros TOC meterlo mapa @JajaChistes planta vendrá HAHAHAHAHH Hija #ChisteMachista,0
788,Planet,0
832,casemos xddddddddd pestañas cortante JAJAJAJÁ deme Entienden Creces paracaídas terapia Sagua'aJAJAJA Pikachu #xD Comida África,0
1164,postre JAJAJAJAJAJAJAJAJAJ sapo Romeo prometes AJJJJAJJAJAJAJJA,0
574,#JajaChistes ³ ajaja camello fórmula JAJAJAJAJA,0
767,respondió Hacemos estallaJAJAJA estufa conducir Estaban terapia JAJSJAJAJAJAJA,0
1028,DiCaprio virus Samsung,0
609,Jajajajajá piojo pon Ray Traduzca hazme JAJAJA,0
63,Hulk bebida reproducirte monja Nemo caníbal iPod xdddddd Coger pestañas Godzilla Mire vitaminas ji,0
1665,Deme,0
1862,Jajajja brillante Niño ballena Lollapalooza #jajaja JAJAJAJAJAJAJAJAJAJAJAJAJAJAJAJAJAJAJAJAJAJAJAJAAJAJAJAJAJA alumno Dile,0
1588,Jajajajaj,0
1952,jajajajja JAJJAJAJAJAJAJAA masturbación bebes JAJAJAJASUELTENME jajajajaaja hablándole @HADACON pasame caería autos AJAJAJAJAJAJAJAJAJAJA menú smartphone,0
1513,Ajajaja,0
1831,escribí logré,0
593,sapo Ring Jajajaja 2acto JAJAJAJAJJAJAJAJAJAJAJAJAJJAJAJAJAJAJAJAJAJAJAJAJAJA Sarahaha bebes Bond,0
1112,Domino's,0
1786,Niñas moscas Disculpa,0
1486,lola prostitutas moco 2acto Jajajajaj albañiles Póngase inodoro Perdone,0
103,crudo casados tardas jajajajajajajajajavier Luna baterías llamarse Abraham baba JAJAJAJAJAAJJA pololear flota HAHAHAHA Joven higiénico,0
1984,manco hijita menú tsunami quítate Lola JAJAJAJAJ JAJJJAJAAJAJAJAJJA compuesto Escribiendo Jajá jaula Toc Fea preferido,0
602,Vino JAJAJAJAJAJAJÁ jajajajajajajajajavier Comida Compadre orgía Muere discapacitados supuesto Viejo monja,0
1084,arreglo bartender tiré JJAJAJAJAAJJA jajajaj JAJAJAJAJAJAJAAJJAJAA autos aplausos Abuela capitán JAJAJAJAJAJAJAJAJAJAJAJAJAJAJAJAJAJAJAJAJAJAJAJAJAJAJAJAJAJAJAJAJAJAJAJAJJAJAJAJAJAJ martillo,0
89,Pitbull TOC pollitos JAJAJAJAJAJAJAJAJAJAJAJAJAJAJAJAJAJAJAJAJAJJA mierdaJAJAJSKSJA clitoris tiraste #Chiste HAHAHAHA lola fáciles ovejas Jajajajajaja #JAJAJÁ,0
26,subiste Jajá mataron paracaídas jajajajajaja Tinder gravedad Terminator peluquería @JajaChistes agujero buajajajajajaja Querida sandwich,0
234,fáciles incorrecta durísimo reproducirte gritas Jajajajajajajaj 250 lola repito Agua JJAJAJAJAAJJA ajajajaj planta Jajá,0
1080,caíste jajajajajjajajajajaj caros @rrouvier . . pepito serpiente,0
765,funcionaba jajajaja frenos África,0
2017,JAJAJAJJAJA #FreeLoLa pepito estufa diarios Mire,0
1805,jjajajajajjajajajaja jajajajajajjajq álgebra tiposJAJAJA ajajajja euros pollitos jajajj cajas,0
73,speak discutiendo prepare Sabés pololear condon Comida JaJaJa JAJAJAJAJAJAJAJAJAJAJAJAJ Lollapalooza bipolar Superman pájaro 365,0
1547,hada Harlem xDD callado Pepito nieto preservativo Entienden HAHAHAH Jajajajajajajajajajaajajajajaja principal,0
264,cubo transformer JAJAJAAJAJAJA iPod japonés cucarachas JAJAJAJAAJAJJA,0
490,casó burro aguantas,0
925,conocimos corres quitó #LOL peluquero casaron alcohólicos tirada jajajajajajajajajajajajajajajajajajajaj xdxd alcohólicos conocimos xdddd Conoces computador,0
760,baba jajajjaj Acto parcialmente ajajajajajaajaj peluquería cadáver preferido cigarros JAJAJAAJAJAJA Nemo Conoces,0
0,Jajajajajajajajajajajajajajajajajajaja mmm durísimo,0
462,secretaria musicales Mirá peinado lollapalooza JAJAJAJAJAJAA Jajajajaajajajajajajajauajajaja regresó África virginidad escalera traía Piensalo,0
633,JAJAJAJAJAJAJAJAJAJA LOL JAJAJAJAJAJA Jajajajajajajajaja ELIJO seco sordo frenos Salud ginecólogo jajajajja Chapo operación hablándole,0
1109,piojos tartamudo televisión tiposJAJAJA Mirá nube mapa cogí,0
1082,Camarero Idiota platicar flaquita jajajajsjjjja Supe caracol diviJAJAJAJ #chistesmalos biblioteca podía Romeo autopsia taxista Cuelga,0
327,Narnia felicito planeado tuvieras jjajajajajjajajajaja preservativo vitaminas Salvador defendiendo quitó peces engaña Salvador Andrea √,0
1816,#xD Cancelar Salimos,0
313,autocorrector finalmente orgía #LOL nació Superman espacial manco ajajajajja ❒ maquillada Adelante Xd Jajajajajajjajajajaja Auxilio,0
1061,JAJAJAJAJAJAJAJAJAJAJAJAJAJAJAJAJAJAJAJAJAJAJAJAAJAJAJAJAJA meterlo cayo bañando diarios jajajajaaja #JAJAJÁ terror funcionar leones HAHAHAHAHH,0
1804,alcoholismo descubrió Página,0
844,Adelante ajajaja,0
1789,Eva LOL isla tratamiento caros Coca-Cola marque OVNI Camarero cubo,0
1365,farmacia xdddd baba plátano Callate,0
1700,Style @JajaChistes revisando Conoces jajajajajajajajajajajajajaja jajajaajajajajajaj,0
451,Pitbull Sra funcionaba,0
821,confundido,0
909,caníbal enchufe mordió,0
228,monja gritas,0
1658,Condones ajajajja,0
484,5000,0
1488,Señorita Pene Lógica JAJAJAJAAJAJAJA jajajajajaj velas Listo alteré iPod gastos vendrá hacés ELIJO,0
1632,sillas,0
1377,rayo peroJAJAJAJAA hipoteca harías tiré Loladrones,0
316,frutas paracaídas rió #Cortitos JAJAJAA dirías JAJAJAJAJAJAJAJAJAJAJAJAJAJAJAJAJAJAJAJAJAJJA Sabés velorio xdddddd probado,0
491,deme repito lolaso @JajaChistes #chistesmalos gritaron plátano Godzilla ajjaja virginidad sentó #Chiste Década TOC,0
309,400 Chin Ray JAJAJAJAJAJAJÁ regresa Godzilla ajajajaja,0
1656,espacial martillo DiCaprio hacés JAAJAJA JAJAJAJAJAJAJAJA currículum @JajaChistes casaron principal █ barrer,0
1923,piojos,0
1058,McDonalds,0
2,Viste recreo taxista vendedor brillante,0
980,Salvador,0
1282,Vienes JAJAJAJAJÁ iPad condon Acaso NOO hahaha Hago Ahahah xddddddddd Habia pistola JAJAJAJAJAJAJAJA,0
232,órganos jajajajaja rama Alcohol JAJAJAJJAJA,0
1085,servir estallaJAJAJA Duermo recientes Bestia bala Jajajjajajjaja OVNI Lollapalooza JAJAJAJAJAJAJA Ahahah semáforo velorio,0
1508,probó traía jajaj regresó jajaja cinturón JAJAJAJ,0
1383,JAJAJA Gym álgebra Jajajajajajajajajajajajajaja PIZZA whisky calentado jajaja llevaban #xD,0
112,Maestra casan LOLA pájaro Jajajajajajajajajajajajajajajajajajaja discutiendo,0
480,diarios Salvador AJAJAJAJAJAJAJAJAJAJA rayo Jajajja JAJAJ diagnóstico tiposJAJAJA AJAJAJAJAJAJAJAJAJAJA carpintero Chiste prostitutas Toc Alzheimer traducir,0
1942,llamaba tijera CRISTOJAJAAJA bobo ³ xdd Fíjate Tienen servir Shake vasito JAJAJAJAJAJAJAJAJAJAJAJAJAJAJA Chin Neymar Coca-Cola,0
1352,Chica platicar paracaídas Wii Inmaduro #Anecdotas xddddd carpintero llamé,0
1266,olla AJJJJAJJAJAJAJJA Chiste Callate Batman ajajaja,0
2191,#JAJAJJA Niño besito ajjajaja,0
589,felicito cigüeña AMIGOS HAHAHAHA xdd #XD Chin servilleta Planet vegetariano #4toCumpleañosJajaChistes sentó preservativo #Humor estufa,0
1921,jajajja Salud Hablo apareció funcionan apuesta Tome jajajajajaja,0
2003,JAJAJAJAJAJAJAJAJAJAJAJAJ Per LOLA camello taxista compuesto Piensalo jjajajajajjajajajaja Hija #Hahaween ³ burro presta,0
1440,♌ JAJAJAJAJÁ regresó Sarahaha ⇆,0
510,sordo científico tigres alcoholismo pestañas HERMOSO cuéntale #JAJAJÁ ♌ corres capitán operación,0
1185,ratones obstáculos JAJAJJAJAJAAJA #chistesmalos traga caros #Anecdotas palomas Sufrir JAJAJAJAJAJAJAJAJAJAJAJAJAJAJAJAJAJAJAJAJAJAJAJAJA Narnia jajajajajjajajajajaj,0
1948,Jajá,0
1179,quemó ninfómana Drácula jajajja,0
793,Estaban xd JAJAJAJAJAJAJAJAJAJAJAJAJAJAJAJAJAJAJAJAJAJAJAJAJAJAJAJAJAJAJAJAJAJAJAJAJAJAJ bebida telón tiposJAJAJA,0
1705,JAAJAJA Agua Andrea Adelante virginidad Style LIKES virginidad Conclusión llámame ingeniero Testigos Jajajajajajajaj inodoro mordió,0
2035,lolla agotado tigres,0
1476,supuesto crudo higiénico JAJAJAJAJAJAJAJ pololo,0
970,fórmula pololear enojaste #JuegosJajaChistes Jajajajaj jajajj casaron chango jajajaa,0
2174,chango jajajajajajajajaja clitoris XD apuesta inodoro remedios JAJAJAJAJAJAJAJAJAJA servirle transformer albañiles,0
2163,JAJSJAJAJAJAJA,0
302,Viejo vendí traga matrimonio cigarros Pick Tierra masturbación 250 subiste compuesto blancos traducir 365 flota,0
1160,casaste JAJSJAJAJAJAJA Lógica vegetariano,0
916,Viagra TOC traía bebida trasero 365,0
620,manzanas ajjajajaja seco Judas Galaxy peluquero JAJAJÁ pistola Ahahah íbamos jajajaja,0
1285,serpiente,0
2192,jaja ajajajja bizco ajajajaja confieso JAJAJAJAJA Thor JAJAJAJASUELTENME JAJAJAJAJAJANo gastas jajajjajajajaja servir dálmata,0
1438,televisión Animal Perfil jajajja Escribiendo parcialmente Acaso paracaídas burro JAJAJAJAAJAJJA WiFi smartphone xdd casaste,0
822,bizco pollitos planeado sentar peluquería Tierra Jajajajaja Formas,0
472,Salud traga,0
1582,isla DiCaprio regresa sencillos respondió calentado Bond,0
2171,jajjajaja,0
1353,Doc metí #Cortitos Coca-Cola baba,0
1529,ELIJO Tranquila dejaré,0
2067,lloró hada,0
1208,Cuándo ajajajajja leggins Niño Salimos Entienden órganos Comida,0
1019,JAJJJAJAAJAJAJAJJA reencarnación JAJAJAJAJA vegetariano PIZZA caracol JAJAJAJAJAJAJAJAJAJAJAJAJAJAJAJAJAJAJAJAJAJAAJAJAJAJAJAJAJAJAJAJAJA iPod japonés arreglo Jajaj,0
79,traducir JAJAJAJAJAJAJAJAJAJAJAJAJAJAJAJAJAJAJAJAJAJAJAJAJAJAJAJAJAJAJAJAJAJAJAJAJAJAJ Pedrito JAJAJAJAJAJAJJAJAA llevaron astronautas burro Piensalo zapato Jajaj mmm JAJAJAJAAJAJAJA juguete enojaste,0
1400,JAJAJAJ Niño jabón peces Lola JAAJAJA,0
1687,hipoteca recreo autopsia árbol,0
887,fórmula lol sentó . ... Bruce Jajajajajajajajajajaajajajajaja lolla enojaste Bruce seco JJAJAJAJAAJJA adivinas,0
2034,fíjate Coca-Cola Perra jajajaa zapato Agua confundido JAJAJAJAAJAJAJA,0
1385,Duermo Tranquila #Chis traía ajjajajaja crece deme llámame SOLA científico Tantos tiraste,0
625,speak cobra Ray ascensor,0
482,taxista JAJAvsiamlAñobgrfnkJAJAJA Pase HAHAHAH Niñas #JajaChistes rama Duermo terapia sacerdote magos Perdone,0
1916,cayo Callate  llamaría jajahaa femenino cogí felicito Cállate JAJAJAJAJAJAJAJAJAJAJAJAJAJAJAJAJAJAJAJAJAJJA actor JAJAJAAJA Tierra,0
1762,JAJAJAJAJAJAJAAJJAJAA tropezó rompecabezas corres Bruce Chin cubo caramelos confieso jardinero Lógica psicólogos moco,0
28,peinado CRISTOJAJAAJA jajajajajajajajsjajajjasj Planet DiCaprio conducir tsunami Hacemos transformer,0
1489,@CamilaTuDiosaxD ardilla JAJAJAJAJAJAJAJAJAJAJAJAJAJAJAJAJAJA babor velas menú hacés Jajajá alcohólicos meterlo,0
426,conocimos Genial lolaso fíjate llamarse cigarros espermatozoide moscas #JAJAJA isla ajjajaja #FreeLoLa,0
1093,magos JAJAJAJAJAJAJAJAJAJAJAJAJAJAJAJAJAJAJAJAJAJAJAJAAJAJAJAJAJA coges Vino Mijo cupido traía JAJAJAJAJAJAJAJA Traduzca marque aplausos,0
110,ajaja Harlem #Chiste estallaJAJAJA . ...,0
211,jajajajajajaja jajajajaaja cabezas automático,0
120,JAJAJAJAJÁ velas tsunami Pick AMIGOS psicólogos JAJAJAJAJJAJA Desea ajaja pon reencarnación Inglés,0
952,vagina Jajajá Desea piojo oveja Inicio Chin McDonalds árabe revisando Jajajajá tenían pestañas Deme colchones,0
270,Abuela árbol álgebra peinado jajajajajajajajajavier xdd tortugas lol diagnóstico Perra terror,0
1409,xdd #LOL científicos,0
1105,naranjas JAJAJAJAJAJAJÁ 2050 astronauta jjajajajajjajajajaja JAJJJAJAAJAJAJAJJA AJJJJAJJAJAJAJJA,0
991,Contratado iPad prostituta Jajajahaa JAJAvsiamlAñobgrfnkJAJAJA xDD,0
404,millonaria maquillada ‎ Niñas Recuerdas xddddddddd jajajaja,0
640,jajajá Barney vitaminas Neymar Traduzca Comida Romeo alcoholismo escribí ahorro confundido Jajajjaa zapato finalmente ♌,0
1234,adoptado autos jajajajajajajajsjajajjasj durísimo toc brillante Ahahah Inmaduro cucarachas,0
1351,brillante reproducirte JAJAJAJAJ martillo,0
1022,comillas hazme recreo speak Soltero Deme estudias prestas jajajajajajajajaja Cancelar ajajajja JAJAJAJAJAJAJAJAJAJAJAJAJAJAJAJAJAJAJAJAJAJAJA,0
1255,corres hahaha Disculpa musicales Pick JAJAJA foca cuchillo seco cenizas ordenador Adelante peroJAJAJAJAA,0
349,secretaria Bruce Jajajjajajjaja profesores tiposJAJAJA Príncipe Domino's,0
1444,#Hahaween femenino,0
1270,jajajaja tiposJAJAJA Jajajajaja engaña Napoleón ajajaja JAJAJAJAJJAJAJAJAJAJAJAJAJJAJAJAJAJAJAJAJAJAJAJAJAJA clitoris ahorro euros grité supo vitaminas,0
323,jajajajajajajajajajajajajajajajajajajaj zombie JAJAJAJASUELTENMEAPENAS agotado Daña speak pestañas,0
523,JAJAJAJASUELTENME casados bipolar corres planeado arreglo bañando monja,0
1425,alcoholismo hahaha noooo callado Wii Nemo,0
1044,Thor JAJAJAJAJAJAJAJAJAJAJAJAJAJAJAJAJAJAJAJAJAJAJAJAJAJAJAJAJAJAJAJAJAJAJAJAJAJAJ #Chiste ajjaja flotan millonaria jajajajajaj ajajjajajaj,0
1223,zapato sordo casemos Comida Tienen pepito,0
1803,casados cortante JAJAJAJAJAJ #SuperligaOrangeLoL7 nave clitoris jjajajjajajajjajaja jardinero JAJACHISTES bebida,0
324,descubrí #JajaChistesGAME economía durísimo Jajajajajaja whisky Pitbull fórmula autopsia moco adoptado,0
1472,foca pollito zoológico gritaron Bruce Judas transformer pistola Tierra teléfonos Inmaduro,0
1439,capitán ❒ cayo Traduzca cayo Segura JAJAJAA sardina caníbal enojaste JAJAJAJAJAJAJAJAJAJAJAJAJAJAJAJAJÁ confieso Batman,0
1602,lollapalooza Narnia caramelos,0
1021,computador,0
710,bebida postre celulares chango taxista llamé,0
1775,Godzilla bañando alumno Eva JAJAJAAJ llamaba estufa enchufe,0
1627,Piensalo canguro JAJAJAJAJAJASUELTENME condon taxista JAJAJAJAJAJAJAJAJAJAJAJAJAJAJAJAJAJAJAJAJAJAJAJAJA ajedrez #ChisteMachista Mickey Gym ji copiando jajajjajajajaja hipoteca,0
243,#Arenalol álgebra Jajajja,0
548,Condones besito xd aparato,0
1487,terapia Vino Inglés ajjaja ascensor peroJAJAJAJAA confesarlo funcionaba JAJAJAJAJAJASUELTENME farmacia bebida,0
1101,Barney corres Planet ⇆ orgía Tantos,0
1768,peroJAJAJAJAA xdddd traga conducir pololear iPad Dígame tenedor,0
1890,Viagra nave #JuegosJajaChistes,0
573,DiCaprio Jelipe Jajajajajajajajaja Pick Gay noooo JAJAJAJAJAJAJAJAJA apuesta discutiendo Segura Soldado JAJAJAJAJAJAJAJ,0
754,árabe Style bobo bizco Perra sorprendido pepito JAJAJAJJAJA gritaron serpiente,0
940,jaula jaula WiFi Duermo lola xdd Tienen JAJAJAJJAA conducir,0
430,ajaja curvas Pase computador Recuerdas nieto,0
403,█ JAAJAJA ratones Agua Jajajajajajjajajajaja pegan tigres,0
533,leggins desordenada JAJAJAJJAJA recreo Mickey cobra estómago Wii caería palomas speak Jajajjaa √,0
1997,Ajjajaajajaja perezoso SUEGRA pájaro moscas jajajajajajajajajavier jajajá,0
1092,tos dálmata compuesto Gallina,0
1374,gritó Jajajahaa Tranquila Jajajaja tirada,0
1366,espermatozoide Cuelga LOLA monjas HAHAHAHAHH Wii letrero ‎ moco obsesionada confieso,0
1502,_ʃʃ casemos jjajajajajjajajajaja hazme,0
2078,secretaria Jaja #ChisteMachista albañiles Perra cigüeña vasito #JAJAJÁ Ray JAJAJ ESE JAJAJAJAJAJAJAJAJAJAJAJAJAJAJAJAJAJA ajajaja,0
481,curvas aguantas JAJAJAAJAJAJA hipoteca baba traga vendrá,0
2046,Titanic ³ órganos llamaba Judas Jaimito presta JAJAJAJAAJAJJA canguro lola xdddddd,0
2101,vagina JAJAJAJAJAJAJAJAJAJAJAJAJAJAJAJAJAJAJAJAJAJJA JAJAJAJAAJJAJAJAJAJAJA xD caería peces profesores condon cortaron Jajajajajajjajajajaja Callate prepare,0
1447,POLICÍA #Hum Pepito Pato jabón monjas JAJAJAJAJAJAJAJAJAJAJAJAJ funeral jajajajajajja testigos JAJAJAJAJAJAJAJAJAJAJA nieto,0
579,quítate sacerdote martillo discutiendo JAAJAJA condon Chin tiposJAJAJA Abuela,0
2149,bebes Página SOLA ajajaj,0
2018,#FelizCumpleañosJajaChistes Mickey Lollapalooza regresó platicar Jajajajja Adivina bruto aguantas blancos,0
396,JAJAJAJAJAJAJAJAJAJAJAJAJAJAJAJAJAJAJAJAJAJJA Hulk Jajajajaja,0
658,televisor baba diagnóstico,0
1580,Agua quitó,0
71,#ChisteMachista Pepito,0
441,jajajajajajaja ATTE,0
2121,trigo,0
2056,peces Sufrir barrer Tantos cigarros JAJAJAJAJAJANo JAJAJJAJAJA jajajajajajja GráficoJAJAJAJAJJA baterías obsesionada XD obstáculos,0
682,"semáforo JAJAJAJAJ virginidad Alzheimer musicales JAJAJAJAJAJÁ ELIJO #jajaja encerrado .
. Jajaj prepare",0
1528,ajjaja Dígame Empieza Jajajajajajajajajajaja cenizas discapacitados JAJAJAJAJAJAAJJAJAAAJ naranjas llola pololo diagnóstico agujero,0
2116,peluquería hablándole Mire piojos cubo cuéntame Jajajajajajajajajajaja masturbación espermatozoide JAJAJAJAAY rió,0
1688,caníbal casados Fíjate Entendieron . . Soltero camello confieso jajajajaj xdddd AJAJAJAJAJAJAJ iPod JAJAJAJAAJAJAJA Per terror,0
1947,bolígrafo burro 400 jajajajajajajajajajajajajaja patos gritó _ʃʃ #chistesmalos Creces moco espermatozoide ATTE AJAJAJAJAJAJAJ,0
2077,JAJAJAJAJA aplausos sentarse servir iPod televisión CULO Acaso Supe caramelos,0
52,llamaría caíste Drácula Contratado gastos Genial xD tortugas presentó finalmente cumplido,0
641,Toc jajajajajaja caramelos conducir JAJAJAJAJAJAJJAJA,0
1815,Jajajajajajajajajajajajajaja esposas cojo Cancelar ajajajajja esposas,0
1083,gastas óptica AMIGOS,0
1183,incorrecta pepito fórmula,0
1899,JAJAvsiamlAñobgrfnkJAJAJA ratero paracaídas África PONCHES televisión Wikipedia Gym bipolar presta casados ajajajja,0
979,#Anecdotas monjas,0
1514,Jajajjaa JAJAJAJAJAJAJAJAJAJA Cuelga Perfil @rrouvier WiFi Fea _ʃʃ JAJAJAJAJAJ JJAJAJAJAAJJA,0
536,SUPUTAMADRE ajedrez hijito ajajajajajaajaj jajajjaj Eva caramelos Inglés #Anecdotas,0
1027,lolla probó JAJAJASUELTENME Bond vasito,0
681,#LOL Jelipe repito cigüeña ajedrez Daña jaja JAJAJAJAJAJAAJJAJAAAJ JAJAJAJJAJA Úselo Escucha,0
601,Luna Bruce Habia ácido iPod bala  arrastrándose llamarse apareció Aw prostitutas zombie culpable,0
402,ninfómana naranjas lola Rápido ajajajajja,0
2154,Shake CULO Perfil Dile Contratado ordenadores sacaste oveja ajajjajajaj JAJAJAJAJAJAJAJAJAJAJAJAJAJAJA cayo Aw,0
1227,Tinder ELIJO metí ahorro JAJAJAJAAJAJJA,0
2049,ajaja remoto JAJÁ terror JAJSJAJAJAJAJA traía flaquita tigres,0
585,‎ pajarito jajajajajja anciana Jajaja jajajajajaja conejo Conclusión jajajajajja,0
1822,científico llevaban telón JAJAJAJJAJAJA Pregúntale,0
1127,#Humor,0
2126,jajajajajajajajajajajajajaja trajiste babor funcionar JAJAvsiamlAñobgrfnkJAJAJA Perfil,0
1069,Napoleón planta baterías Conclusión sentar paracaídas tartamudo Superman íbamos bebo,0
351,ajjajaja,0
968,JAJAJAJAJAJAJA funcionar,0
867,principal Condones Señorita #Hahaween Entendieron JAJAJAJAJ,0
1784,árabe JAJAJAJAJAJAJAJAJAJAJAJAJAJAJAJAJÁ JAJAJAJAJAJAJAJAJAJAJAJAJAJAJAJAJAJAJAJAJAJJA JAJAJAJAJAJAJAJAJAJA jajajajajajaj JAJAJAJAJAJAJAAJJAJAA aparato Niñas Lola Viagra peces,0
797,Taxi,0
599,Muere NOO,0
1452,funeral bruto conocimos Contratado,0
98,Animal Jajajajajajajajaja tsunami Salud japonés gastas JAJAJAJASUELTENME Nemo Escribiendo Batman ordenador Pene Perfil gritaron ordenador,0
770,JAJAJAJJAJAJA tirada Abuela buzo JAJJAJAJAJAJAJAA logré coff mmm,0
42,buajajajajajaja Jajajjaa Pafuera vendí HERMOSO,0
498,Sagua'aJAJAJA frutas tenían finalmente Drácula ajajaj ajaja #Hahaween flotan Sufrir jajajajajaj palomas pollito,0
141,gallina tuvieras ginecólogo ❒ nació,0
1738,enojaste JÁ gallina revisando pájaro JAJAJAJAAJAJAJA Jajaj Fea crece tigres #JuegosJajaChistes jajajajajajaja tirada,0
1869,bebes parcialmente Abraham Perdone JAJAJAAJ farmacia,0
829,postre mecánico camarero casados JAJAJAJAJAJAJJAJAA curvas flota Adelante JAJAJAJAJAJAJAJ,0
1621,jajajajajajaj crudo sorprendido JAJAJAJAAJAJAJA JÁ nublado jajajaj rió hijito encerrado letrero Habia Pato JAJAJAJAJAJAJA flaquita,0
1522,naranjas burro #FreeLoLa sapo Wikipedia mmm reproducirte JAJJJAJAAJAJAJAJJA ‎,0
701,sorprendido cortaron teléfonos CORRAN Aw viagra vagina casan TOC Jajajajajajajaja,0
1560,economía 5000 ordenadores Señorita TOC,0
796,desordenada gastos JAJAAJAJAJAJAJAJAJAJA jajajajajajja,0
423,JAJAJAJAJAJAJA hijita 250,0
819,presta akdjajajaja martillo Animal discapacitados aguantas descubrí preservativo economía transformer Entendieron gané Dile,0
1238,pestañas Loladrones XD Pase Inglés Ajajajajaja JAJAJAJAJÁ isla JAJAJAAJAJAJA,0
266,regresó jajajajajajajajajajajajajajajajajajajaj cuéntale bala Disculpa JAJAJAJAJAJAJAJAJAJAJAJAJAJAJAJAJAJAJAJAJAJAAJAJAJAJAJAJAJAJAJAJAJA bruto Entendieron clitoris fíjate cocodrilo,0
1045,Sarahaha cuelga Alcohol calentado Página Conoces restaurante Batman cuéntale,0
1443,jaja camello Luna funcionar mmm prometes regresa platicar Godzilla Viagra Superman frutas tráigame jajajajaj Inglés,0
512,estómago #LOL despiden Viste jajajaajajajajajaj ácido carpintero Adelante Ring,0
1157,pololear adivinas madrina superficie Toc Coca-Cola Adelante vagina,0
2142,automático JAJAJAJAAJAJJA Genial bruto tacaño escala diviJAJAJAJ,0
818,#JajaChistesGAME SUEGRA Soldado traficante recreo jajajajjajaja CO iPad,0
160,jajajaja despiden metí,0
799,jjajajajajjajajajaja 2050 compuesto conocimos Jajajajajajajajajajajajajajajajajajaja Doc Cuáles bipolar Style llámame,0
1375,Abraham #JAJAJA Ajajajajaja jajajaja JAJAJAJAJAJAAJJAJAAAJ Hija,0
1181,presta Coger crudo Pene Per Jajajajaajajajajajajajauajajaja Buajaja canguro albañiles iPad,0
1333,JAJAJAJAJAJAJAJAJAJAJAJAJAJAJAJAJAJAJAJAJAJAAJAJAJAJAJAJAJAJAJAJAJA Lollapalooza ratones =D tenían POLICÍA vendí reuniones JAjajajajajajajajajajajajajajajajajajajaaja Viejo JAJAJAJAJAJAJAJ,0
1063,Cállese transformer Jajajajajajajajajajajajajajajajajajaja JAJAJAJAJAJAJAJAJAJAJAJAJAJAJAJAJAJA JAjajajajajajajajajajajajajajajajajajajaaja profesores Jajajajaj jajajj jajajaja transformer 365 whisky jajjaja,0
983,recreo cumplido JAJAJAJAJAJAJAJAJAJAJAJAJAJAJAJAJAJAJAJAJAJAAJAJAJAJAJAJAJAJAJAJAJA taxista,0
1791,bobo preservativo bebés Querida Wikipedia marque @HADACON bolígrafo Jajajajajajajajajajaja cinturón,0
1683,gané caería,0
873,Jajajajajajajajajajajajajajajajajajaja baterías Chiste traficante JÁJAJAJAJAJ Soltero Deme Ayy echas JAJAJAJAJAJAJAJAJAJAJAJAJAJAJAJAJAJAJAJAJAJJA,0
685,dejaré gritó Pick jajajaj 1acto CULO estatura hipoteca,0
2044,fíjate ELIJO nació ingeniero tardas cuéntame trigo monja #JuegosJajaChistes JAJAJAJAJAJAJAJAJAJAJAJAJAJAJAJAJAJAJAJAJAJAJAJAJAJAJAJAJAJAJAJAJAJAJAJAJAJAJ iPod Lola tropezó,0
1459,Ray cuchillo,0
734,JAJAJAJAJAJAJAJAJAJ,0
2190,aparato JAJAJAJAAJAJJA frutas Alzheimer AMIGOS dejá mecánico JAjajajajajajajajajajajajajajajajajajajaaja Pitbull repito cortaron,0
1905,economía tirada análisis JAJAJAJAJAJAJAJÁ Lola jajajajajajaj olvídalo adivinas PONCHES Doc Soldado presta . .,0
1485,CRISTOJAJAAJA Salimos lloró regresó Perra JAJAJAJAJAJAJAJAJAJAJAJAJAJAJAJAJAJAJAJAJAJAJAJAJAJAJAJAJAJAJAJAJAJAJAJAJJAJAJAJAJAJ reproducirte Cuelga isla astronautas,0
1014,blancos cortante Harlem bebida JAJAJAAJ JAJAJAJA apareció ajajaj JAJAJ,0
1867,Idea √ Buajaja Luna jajajajajajja Perdone,0
94,Estaban moscas esposas cajas jajajajajajajajajavier JAJAJAJAJ manco Pepito Samsung Estaban gravedad transformer Pene JAJAJAJAJAJAJJAJA,0
553,JAJAJAJAJAJAJÁ estatura,0
520,Jajajajjaja,0
1812,brillante crudo #Humor babor JAJAJAJASUELTENME cigarros besito tigres japonés martillo JAJAJAJAJAJAJAJAJAJAJAJAJAJA órganos servir Thomas,0
521,pepito preferido sordo JAJAAJAJAJAJAJAJAJAJA,0
800,Jajajajajajajaja preservativo fórmula Bond HERMOSO arrastrándose rió Mickey,0
758,Hago JAJAJAJAJÁ pistola JAJAJAJAAJAJJA Trabajas JAJAJAJAJAJ Chapo Xd Hacemos llamaría tenían superficie campanas,0
766,LoL LOLLA defendiendo,0
1287,moscas lol Tome jjajajajajjajajajaja letrero Cállese Toc peinado,0
1817,traficante Príncipe xdddddd Sra JAJAJAJAAY repito ácido #JAJAJJA caros sillas Sra gravedad Jajajajaajajajajajajajauajajaja,0
1501,ordenadores LoL burro Style @chistegenialxd quítate Planet veterinario alcohólico Nemo,0
1662,funcionar Jajajajajá Per JAJAJAJAAJJAJAJAJAJAJA Gay llámame Bestia tacaño Capitán probado trajiste,0
1685,tijera,0
605,jajajajajajjajq calculadora,0
1243,Romeo xddddd recreo Andrea #Arenalol quitó moco regresa #xD biblioteca buajajajajajaja podía,0
583,jajajajaja CARA Tome JAJAJAJAJAJAJAJAJAJAJAJAJAJAJAJAJAJAJAJAJAJAJAJAJAJAJAJAJAJAJAJAJAJA SUEGRA meterlo ajjajaja JAJAJAJAAJJAJAJAJAJAJA Nemo discutiendo Fea,0
432,Pikachu ordenadores biblioteca #Hahaween Tijeras jaula toc JAJAJAJAJAJAJAJAJA Pafuera #4toCumpleañosJajaChistes bobo ELIJO,0
740,ajajajajajaajaj bebes zoológico científico Eva nublado trasero cigarros ajjajaja 250 Idiota lolla HERMOSO,0
2008,gluglu whisky HAHAHAHAHH cigarros musicales jjajajajajjajajajaja CORRAN JAJA,0
475,palomas Mickey Vino Desea colchones Querida Galaxy camello mapa,0
1673,ajajajajaja mecánico casó,0
1507,HERMOSO Jajajajjaja Lola Taxi Pase móviles JAJAJAA jajajajajaja JAJAJAJAJAJAJA . ... Barney Niño 400 jajajja Tienen,0
1484,logré televisor Jajajajajajajaj Príncipe ratero Jajajajajajajajajajajajajaja femenino JAJAJAJAJAJAJAJAJAJAJAJAJ tuvieras speak enchufe jajajajajajaja Naces,0
1450,JAJAJAJAJAJAJAJAJAJAJAJAJ jjajajajajjajajajaja Jaja,0
1300,apareció speak #JAJAJJA JAjajajajajajajajajajajajajajajajajajajaaja llamaría durísimo #SuperligaOrangeLoL7 Barney alcohólico ‎ babor monja,0
1936,Década Ahahah Jaimito,0
1376,lollapalooza,0
1906,bebida Mire JAJAJAJAJAJAJAJAJAJAJAJAJAJAJAJAJAJAJAJAJAJAJA gastas tinta Jajajajajajajaja científicos Gym secretaria,0
293,bombillo Niñas ofrezco cubo mierdaJAJAJSKSJA bolita jardinero SOLA subiste Estaban flota gritaron toc llamarse #XD,0
2157,#JAJAJÁ orgía @chistegenialxd 5000 Loladrones probado flotan leones @hadacon Cállese,0
560,parcialmente secretaria conocimos,0
97,adolescente higiénico diviJAJAJAJ jajajajaaja presentó Viejo nublado estufa jajajsjaj bañando hacés burro JAJAJAJA,0
2145,#4toCumpleañosJajaChistes Inglés monja llamaba Judas Harlem Tienen foca JAjajajajajajajajajajajajajajajajajajajaaja llamaría prehistoria JAJAJAJAJAJÁ prometes,0
1042,piojo tiraste Excepto @chistegenialxd Coger sordo llamaré JAJAJAJAJAJANo,0
1583,gallina 365,0
1723,reencarnación ginecólogo higiénico,0
1620,JAJAJAJAJAJAJ árabe cortaron Ajjajaajajaja JAJAJAJAJAJAJAJAJAJA JAJAJÁ farmacia JAJAJAJAJAJAJAJAJAJAJAJAJ caramelos,0
2179,gastas,0
954,JAJAJAJAJAJASUELTENME litros ovejas JAJAJAJAAJAJJAJ xdddddd pololear jaimito Pase #JAJAJJA sencillos,0
1066,pájaro jajajajajaj traducir ajjaja Duermo cadáver,0
1652,volvieron JAJAJAJAJAJAJAJAJA JAJAJAJAJAJAJAJAJAJAJA Recuerdas canguro JAJAJAJJAJAJAJ bala,0
339,Conoces cigarros cajas Ahahah aguantas mozo,0
1367,cuéntale actor Niño peces JAJJAJAJAJAJAJAA tacaño Cállate Cuándo ―,0
1950,ajajjajajaj Jajajahaa probó bebés ordenador,0
706,celulares prostitutas Jajajajja cadáver Tantos,0
1219,JAJAJASUELTENME tenis naranjas testigos,0
868,JAJAJAJAJJAJAJAJAJAJAJAJAJJAJAJAJAJAJAJAJAJAJAJAJAJA Hahaha cuchillo Auxilio chicles ajajaja llámame #Humor Segura jajajajajajajajaja,0
329,Perdone jajajaajajajajajaj,0
1388,sacaste JAJAJAJA ajjajaja ESE echas cigüeña confieso,0
142,restaurante xdddddd lollapalooza Bruce Gallina JAJAJAJAAJAJJA Newton bebida Batman burro xdxd Vino jaja curvas Soldado,0
709,frutas Gym llamó Segura harías Ajajaja casados Habia jajajaajajajajajaj anciana,0
1798,científico traía sentó SOLA masturbación canguro Jajajajaja sapo Acto bruto traficante tráigame grité,0
1675,meterlo,0
860,comillas nave JAJAJAJAJAJAJ adoptado jajaja lolaso funcionar campanas Agua HERMOSO,0
40,tráigame JAJAJAJAJAJ pon Tantos prostituta preferido Úselo sentar tartamudo lolaso,0
1895,dejaré Capitán ESE Hacemos jajajajajajaja bombillo #FreeLoLa jajajajajaja Coca-Cola chicles,0
2089,peluquería jajaj,0
541,"Mire HAHAHAHAHH hablándole transformer Deme planta Godzilla encerrado .
. jardinero #Anecdotas recreo hahaha Jajá jajaa",0
1510,leones Ave gritó JAJAJAJAJJAJA cinturón sentarse Listo bala JAJAJAJAJAJAAJJAJAAAJ,0
664,@CamilaTuDiosaxD Inmaduro litros Jelipe servir Década,0
401,@chistegenialxd xddddd Sufrir Jajajajajajajajajajajajajajajajajajaja fáciles conejo gravedad #FreeLoLa,0
1855,Tome servilleta HERMOSO recreo traducir Hulk veterinario iPod noooo nació ³ Listo,0
2014,tigres #FrasesLocas ajajajajajaajaj HAHAHAHAHH ajajajja Escucha sentó JAJAJA JAJAvsiamlAñobgrfnkJAJAJA gastos Excepto,0
539,JAJA pollitos JAJAJAJAJAJASUELTENME vendrá Jajajajajajajajajajaajajajajaja,0
1660,psicólogos estatura chango,0
518,terror anciana femenino operación tenían Galaxy xDD funeral sentar #JAJAJA JAJAJAJAJAJAAJJAJAAAJ hahaha,0
679,Recuerdas ardilla barrer alumno secretaria seco Jajajajja AJJJJAJJAJAJAJJA HERMOSO Wikipedia,0
1368,hahaha Gym llevaron mago JAJAJAAJAJAJA 1acto JAJAJAJAJAJAJAJAJAJAJAJAJAJAJAJAJAJAJAJAJAJAJAJAAJAJAJAJAJA gritas tirada besito tratamiento hipoteca,0
577,xd tos prehistoria diviJAJAJAJ JAJAJAJAJAJAJJAJA jajajsjaj CRISTOJAJAAJA cenizas caramelos seco Empieza Ray Alcohol vitaminas jjajajajajjajajajaja,0
57,ji enojaste JAJAJAJAJAJAJAJAJAJAJAJAJAJAJAJAJAJAJAJAJAJAJAJAJAJAJAJAJAJAJAJAJAJAJAJAJAJAJ Mire . . #FelizCumpleañosJajaChistes,0
1323,Excepto jajajjajajajaja Toc camello gritaron sabido Adelante dejá jajajajajjajajajajaj,0
1770,Shake tigres JAJAJAJA cubo Buajaja ajaja JAJAJAJAJAJAJAJAJAJAJA @JajaChistes Daña JAJJJAJAAJAJAJAJJA diarios ajaja xDD tenían,0
1955,Fíjate peluquero JAJAJAJAJAJAJA JAJAJAJAAJAJJAJ diviJAJAJAJ Cuáles jajajajajajajajajavier,0
989,_ʃʃ bañando SUEGRA JAJAJAJJAA ingeniero jjajajajajjajajajaja jajajajaja,0
1747,#JajaChistes álgebra serpiente hijito,0
534,Daña ³ regresó @HADACON jajajajaj Perra #JajaChistes prostitutas #LOL,0
805,@HADACON Acaso CARA magos tenían Cuándo cayo Luna cuchillo cigüeña #Anecdotas leones viagra baba Entienden,0
81,tráigame JAJAJAJAJJAJA Querida alcohólicos SOLA jjajajjajajajjajaja JAJAJAJAJ LOL jajajajajajjajq casemos,0
439,ofrezco ginecólogo camello atropelló Vienes Salud JAJAJAJJAJA ordenadores Idea álgebra Cariño,0
493,Eva sencillos Ahahah Ray LIKES bartender sacaste Excepto Condones asustado tos tratamiento,0
1363,rompecabezas ajjaja JAJAJAJAAY Ajajajajaja adoptado jajajajaja prostituta Jajajaja ajjaja casados árabe masturbación JAJAJAJAJAJÁ,0
13,tiraste sacaste alumno,0
817,ballena pollito lolaso JAJAJAJAJAJAJAJAJAJAJAJAJAJAJAJAJAJA Mijo champú escribí Salvador JAJAJAJAJAJAJAJAJAJAJAJAJAJAJAJAJAJAJAJAJAJAJAJAAJAJAJAJAJA buzo visa . ... xd jajajjaj,0
1269,despiden Jajajaja Formas Jajajajajajajajajajajajajaja musicales sillas Supe superficie monjas estallaJAJAJA frutas carpintero Per casemos,0
1175,Hablo JAJAJAJ Ayy #Arenalol JAJAJAJJAJAA chicles jajajaja corres frutas Ajajaja,0
1865,funcionar Jelipe Gym Eva moco . . Pase respondió gallina platicar SUEGRA,0
146,metí zombie peroJAJAJAJAA WiFi,0
1304,Tienen trajiste cajas Auxilio cogí clitoris,0
756,anciana,0
779,leones #JajaChistes babor Jajajajajajaja meterlo bebes campanas xdd apareció automático jajajajajaja Inicio tirada,0
265,presta JAJAJAJAJAJAJAJAJAJAJAJAJAJAJAJAJÁ ascensor aplausos,0
1650,AJAJJAJAJAJAJAJAJA ajajajja Polo Jajajjajajjaja Traduzca xdxd JAJAJAJAJAJAJ #CHISTE @rrouvier Condones alcohólico HAHAHAHA Comida jajajajaj,0
83,rompecabezas terapeuta jajajjajajajaja lolaso llamaría gluglu JAJAJAJAJAJAJJAJAA dálmata GráficoJAJAJAJAJJA Deme ajjajajaja pololo █,0
383,#Los10MandamientosDelVago Duermo prestas #JAJAJJA deme ajjajaja colchones #Chiste virus chango testigos responda conejo,0
1626,cobra apareció gastas SUEGRA,0
1053,JAJAJAJJAJAJ tráigame Conclusión atropelló engaña,0
471,noooo finalmente probado JAJAJJAJAJAAJA AJJJJAJJAJAJAJJA Escribiendo tenían tenían _ʃʃ mudo,0
1717,carpintero Chapo caníbal mecánico ― computador Gangnam JAjajajajajajajajajajajajajajajajajajajaaja cinturón Jajajajaj vidrio corres,0
2140,hipoteca palomas sardina árabe bruto Romeo Cállate chango llola,0
831,Escucha compuesto preservativo JAJAAJAJAJAJAJAJAJAJA jajajajajjajajajajaj carpintero vasito conducir Thomas rayo jajajs frenos,0
1247,pololo tinta hada JAJJJAJAAJAJAJAJJA trigo JaJaJa dálmata platicar sentó cogí cucarachas,0
1937,McDonalds jajajajajajjajq Jajajá Terminator buajajajajajaja burro mecánico LOLA Salud serías diarios bipolar,0
1760,speak,0
459,pegan mozo xd jajajajajaj Animal ajajajja Gallina jajaa CUÁL ajajaj CRISTOJAJAAJA Chiste,0
850,órganos Tierra Contratado Pregúntale jajajaj barrer #Hahaween,0
567,hipoteca lola Pafuera metí JAJAJAJAJAAJJA Cállese desordenada JAJAJAJAJJAJA Pikachu,0
189,xddddd encerrado Adelante jjajajajajjajajajaja Jajajajja nublado ajjajajaja Joven ácido Ajajajajaja parcialmente LOLA jajajajajajajajaja Jajá,0
1498,sandwich JAJAJAJAJAJAJAJAJAJAJAJAJAJAJAJAJAJAJAJAJAJAJA femenino discapacitados copiando JAJAJAJAJAJÁ jajajá Terminamos cuéntame CUÁL flota Hago #Cortitos,0
1322,pololo Sarahaha,0
341,hablándole,0
995,autopsia #FelizCumpleañosJajaChistes tuvieras JAJAJAJAJAJANo xddddddddd Godzilla Cariño JAJSJAJAJAJAJA cobra #JuegosJajaChistes álgebra Ring lollapalooza calentado,0
128,JAJAJAJAAJAJJA #Hum Loladrones durísimo coff CARA presentó Coca-Cola Jajajja astronautas Tienen,0
2125,JÁJAJAJAJAJ regresó coff jajajajaja TOC amarillo pestañas AJAJJAJAJAJAJAJAJA Bestia Genial PONCHES,0
452,capitán peces Entienden,0
572,adolescente inodoro,0
2194,JAJAAJAJAJAJAJAJAJAJA Sra álgebra Traduzca patos JAJAJAJASUELTENMEAPENAS √ recientes #Hahaween,0
238,1acto UY rió ovejas masturbación Mire Jajajajajajaja apareció Hulk engaña tenis plátano Fea JAJAJAJAJAJAJA,0
219,bipolar Terminamos sentarse,0
861,reproducirte toc Ray #JuegosJajaChistes sentar Cállate higiénico,0
1506,JAJAJAJASUELTENMEAPENAS Niñas bruto Escucha rompecabezas Jajajajajajajaj JAJAJAJAJAJAJAJAJAJAJAJAJAJAJAJAJAJA aplausos rayo Jaja Idea,0
849,bombillo Jajajjaa JAJAJAJAJAJAJAJAJAJAJAJAJAJAJAJAJAJAJAJAJAJAJAJAJAJAJAJAJAJAJAJAJAJAJAJAJJAJAJAJAJAJ engaña tratamiento JAJAJAJAJAJAJAJAJAJAJAJAJAJAJAJAJAJAJAJAJAJAJAJAJAJAJAJAJAJAJAJAJAJAJAJAJAJAJ ❒ jajajajajajajajaja,0
630,jajajajajajaj speak Jajajajajajjajajajaja,0
1075,vidrio respondió champú rompecabezas JAJAJAJAJAJAJA flojo CARA Superman baba Doc jajahaa JAJAJAJA,0
1135,Auxilio dejá,0
933,estudias casó blancos nublado,0
1431,Salvador Awwww Escribiendo ofrezco mierdaJAJAJSKSJA #FreeLoLa bruto aguantas Superman xD zombie,0
363,paracaídas Escribiendo serías baterías barrer Ayy champú parcialmente curvas,0
1272,volvieron Gallina ajjajaja hazme Shake,0
1017,♌ ESE Pick cubo meterlo supuesto Pedrito Joven llamaba pollitos jaula JAJAJAJAJAJAJAJAJAJAJAJAJAJAJA Godzilla descubrió Abraham,0
2055,podía pololear bebida JJAJAJAJAAJJA Traduzca japonés Hahaha mataron,0
188,JAJAJAJAJAJAJAAJJAJAA semáforo CARA 4x4 adivinas remedios finalmente JAJAJAJAJAJAJAJAJAJAJAJAJAJAJAJAJAJAJAJAJAJJA,0
450,ácido,0
437,bañando probado #Chis,0
1553,alcohólicos Trabajas Wii ajajajajajaajaj bruto menú,0
157,maquillada sorprendido juguete #xD Sarahaha JAJAJAJAJAJAJAJA JaJaJa tinta ajajjajajaj hazme JAJAJAJASUELTENMEAPENAS podía,0
1571, Dígame Galaxy CO profesores JAJAJAAJA,0
1664,JAJAJAJAJAJ órganos nublado XD √,0
1578,peces Aw 2acto quitó traía Jajajajajajajajajajaja,0
1807,xdxd Chin engaña,0
665,Narnia Príncipe deme Jajajjajajjaja #4toCumpleañosJajaChistes,0
694,llola moscas Sufrir Fíjate JAJAJAJAJAJAJAJAJA agotado Viagra bipolar JAJAJAJAJAJAJAJAJAJA Tantos iPod escoba,0
1540,nave,0
1310,Jajajjaa servilleta Inmaduro @CamilaTuDiosaxD hazme virus Empieza JAJAJAJJAA virus cuéntame,0
1930,ajajajajajaajaj sillas biblioteca Ave @CamilaTuDiosaxD economía rayo meterlo UY,0
175,Sarahaha AMIGOS Salvador sentó JAJAJAJAJAJAJAJAJAJAJAJAJAJAJAJAJAJAJAJAJAJJA servirle Jajajá móviles logré farmacia Conclusión Niñas prostituta JAJAJAJJAJAJA #Chiste,0
130,ballena tortugas Página xddddd apuesta peluquero prostituta,0
2084,#humortico moscas Jajajjaa iPod hacés Listo ‎ presentó,0
575,Style Muere flaquita,0
1159,gastas ajjaja #JAJAJJA pajarito cuchillo escala sentar sapo #JuegosJajaChistes Jajajaja palomas,0
623,CARA Chin ajajajajja sordo ajajaj Genial gluglu,0
1837,Contratado sacerdote peluquería pájaro Viste JÁJAJAJAJAJ jajajajajajja jabón ahorro,0
2177,supo casaste @HADACON PONCHES pasame jajaja jabón gallina aplausos Titanic,0
440,lola Jajajajajajajajajajaajajajajaja trigo tijera JAJJAJAJAJAJAJAA Querida Ring jajaa higiénico cenizas JAjajajajajajajajajajajajajajajajajajajaaja Traduzca JAJJJAJAAJAJAJAJJA,0
712,Coca-Cola condon hijita sandwich CUÁL ajajajajaja JAJAJAJAJ terapia POLICÍA flojo,0
69,Rápido calculadora jardinero íbamos pon zapato veterinario conducir xdddddd quítate JAAJAJA #FelizCumpleañosJajaChistes bruto bolita,0
1289,JAJAJAJAJAJAJAJAJAJAJAJAJ JAJAJAJAJAJAJAJAJAJAJAJAJAJA leggins supuesto @hadacon Salvador restaurante baba ordenadores Capitán Conclusión #Chis vegetariano,0
1877,trigo rió whisky JAJAJAJAJAJAJ Salimos Jajajajajá regresó babor Empieza Callate Inmaduro besito bolita,0
1517,autocorrector jjajajjajajajjajaja isla #Anecdotas manzanas Animal JAJAJAJAJ calentado cigüeña bebo,0
794,moscas #JajaChistes ❒ JAJAJAAJA JAJAJAJAJJAJAJAJAJAJAJAJAJJAJAJAJAJAJAJAJAJAJAJAJAJA pajarito JAJAJASUELTENME HAHAHAHA,0
1635,Fíjate dejaré cobra jajaja obsesionada,0
571,jajajajajajajajaja Disculpa Tienen secretaria JAJAJAJA Chica Auxilio tiraste Niño televisión HAHAHAHA Jajajajajaja serpiente jajajs prehistoria,0
1277,recreo jajajaja recientes jajajajajja presentó xDD postre Gay #FelizCumpleañosJajaChistes Ave bizco palomas enojaste Viste,0
91,LOLLA CULO burro jajajajsjjjja Newton Planet madrina nublado JAJSJAJAJAJAJA orgía,0
415,coges jajajajajajaja trajiste Genial whisky sacerdote Jelipe jajajajsjjjja jajjajaja,0
622,óptica,0
486,sillas defendiendo gastas Cuelga rama,0
320,alteré _ʃʃ,0
409,Awwww Maestra autos conducir Hacemos,0
2107,zombie Querida ⇆ lolaso Pafuera Nemo Alzheimer atropelló brillante descubrió JAJAJAJAJAJAJJAJA aplausos,0
25,Adivina JAAJAJA llamaré jajajajajaj sordo ― JAJAJAJA pistola,0
674,Awwww Mijo buajajajajajaja encerrado xdddd Sufrir jajajajaj Fea repito Salvador,0
124,Mire testigos teléfonos bruto sillas Lola JAJAJAJAJAJAJAJA sacaste camarero nieto Ajjajaajajaja,0
769,cenizas recientes servirle Loladrones Superman logré transformer cuchillo casemos lame cuchillo,0
1933,adolescente trigo AMIGOS casaron Hablo,0
1348,Hacemos teléfonos cobra Fea serpiente Hacemos ajjajaja Abrir HAHAHAH diarios crece jajajajsjjjja xd,0
114,caracol Compadre #xD Soltero PIZZA Maestra manzanas menú flota #jajaja #Chis 400,0
1953,África trigo palomas Daña JAjajajajajajajajajajajajajajajajajajajaaja conducir JAJAJAAJAJAJA diagnóstico Coca-Cola traía Cuándo jajajj,0
7,#Humor JAJÁ AJAJAJAJAJAJAJAJAJAJA Sufrir buzo Godzilla bipolar JAJAJAJAJAJAJ Chiste Domino's,0
1280,Capitán ajedrez jajajajajajajajaja tráigame llevaban monja bañando sardina rompecabezas,0
882,escala,0
1321,finalmente,0
1849,JAJÁ JAJAJAJAAJAJJAJ Cuelga Perfil palomas ESE jajajajajajaja 1acto,0
2096,cinturón Jajajajajajajajajajaajajajajaja vendí moco,0
728,solita Cállate ajajajajaja Superman Pedrito Entendieron,0
2120,Chin Príncipe Jajá terror jajajajajajajajajajajajajajajajajajajaj ahorro jajajajajajajajaja AMIGOS terapia JAJAJAJAJ objeto AJAJAJAJAJAJAJ veterinario secretaria pololear,0
634,secretaria,0
922,Inicio tsunami ELIJO xddddd peinado JAJAJAJJAJA JAJAJAAJ Jajajajajajaja científicos hablándole Inglés CO aparato Empieza,0
1718,Disculpa,0
1106,Abraham xD Hahaha CORRAN inodoro gemelos jajajajajajja #JajaChistes Bruce ratones isla japonés,0
303,Pedrito AJAJJAJAJAJAJAJAJA autocorrector subiste regresó aparato xd Hahaha foca íbamos JAJAJAJÁ,0
652,virus JAJAJAJAJAJAJAJAJAJAJAJAJAJAJAJAJAJAJAJAJAJAJA Per peluquería Buajaja ofrezco JAJAJAJAJAJAAJJAJAAAJ Capitán Pregúntale jajajajajaj JAJAJAJAJAJAJAJAJAJAJAJAJAJAJAJAJAJAJAJAJAJAJA akdjajajaja ingeniero,0
1142,bebes Señorita,0
1829,baterías Adivina Chapo speak LOLLA cuéntame regresó probó Entendieron jajaja leggins manzanas pegan campanas,0
1016,vitaminas JaJaJa profesores Toc jjajajajajjajajajaja,0
666,bobo Empieza astronauta toro JAJAJAJAJAJAJAJ curvas ELIJO Hacemos HERMOSO,0
1379,zombie,0
283,Jajajahaa,0
489,Ajajajajaja cuéntame culpable,0
1221,llámame Thor,0
2158,peroJAJAJAJAA,0
2043,ajajajajja Pikachu albañiles bañando encerrado oveja frenos bruto,0
508,JAJAJAJAJAJÁ caramelos podía peluquero Cancelar Segura mmm Shake xD halloween regresa Dile mmm,0
1422,#Arenalol JAJJAJAJAJAJAJAA tinta vitaminas velorio coff jajajaa,0
135,echas JAJAJAJAJAJAAJJAJAAAJ JAJAJAJAJAJAJAJAJAJAJAJAJAJAJAJAJAJAJA Domino's Andrea Compadre ajajajajaja,0
393,mudo sentó gritaron,0
893,Empieza vendedor bebida supuesto bobo funcionar JAJACHISTES lolla HAHAHAHA diarios Capitán,0
932,JAJÁ Chica rama cojo,0
950,regresa científicos Trabajas Cancelar virginidad,0
778,peluquero bebida ‎ JAJAJAJAJAJAJ letrero Condones xdxd sacaste haha baterías mudo flotan Tinder cenizas nieto,0
1670,Thor Godzilla sandwich Hulk moscas Mickey,0
1311,JAJAJAJAJAJAA GráficoJAJAJAJAJJA Domino's #JajaChistes jajajajajjajajajajaj babor flaquita jajahaa JAJAJAJAJAAJJA quítate JAJAJAJAJAJASUELTENME hazme champú barrer,0
1382,³ JAJAJAJAJAJAJAJAJAJAJAJAJAJAJAJAJAJAJAJAJAJAJAJAJAJAJAJAJAJAJAJAJAJA Jajá coges tos Ave sardina Jajajajajajajaja estómago Sra,0
1477,xdd Coca-Cola vitaminas mordió cobra chicles JAJAJAJAJAJAJAJAJAJAJAJAJAJAJAJAJAJAJAJAJAJAJAJAJAJAJAJAJAJAJAJAJAJAJAJAJJAJAJAJAJAJ Ajjajaajajaja jajajsjaj JAAJAJA JAJAJAJAAJAJAJA sabido Excepto preferido JAJAJAJAJAJAJAJA,0
2152,llamó funcionaba Narnia Quiénes Pikachu diviJAJAJAJ,0
1207,reencarnación Querida obsesionada secretaria  #Hum Señorita Salimos funcionan Pafuera engaña,0
661,astronauta cuéntale jajajajajajajajajajajajajajajajajajajaj AJJJJAJJAJAJAJJA felicito olvídalo ballena LoL rió campanas bebo ajajajaj,0
51,prostitutas Salud,0
636,Jajajajajajajajajajajajajaja JAjajajajajajajajajajajajajajajajajajajaaja diviJAJAJAJ adivinas,0
2181,camello Sufrir regresó Alzheimer @JajaChistes #LOL Salimos,0
1384,zapato bombillo SUPUTAMADRE AJJJJAJJAJAJAJJA ajajajajajaajaj ji,0
1598,hipoteca Hacemos #4toCumpleañosJajaChistes speak pololo,0
268,Mickey gritaron carpintero @hadacon jajajajajajajajaja culpable letrero magos tardas África,0
1823,nieto albañiles JAJAJAJAAJAJJA JAJAJ,0
1920,JAJAJAJAJAJANo metí Idiota,0
1196,Traduzca Gangnam McDonalds,0
1254,peinado logré Tranquila ajjajaja #JajaChistesGAME bebes,0
340, jajajajajajaj peroJAJAJAJAA planeado Lollapalooza cuéntame Testigos cuéntale champú órganos flojo,0
1813,bizco,0
1025,estudias Vino llamaré enchufe Pene terapeuta psicólogos #Arenalol Habia tortugas arriesgado JAJAJAJAJAJAJAJAJAJAJAJAJAJAJA ajajajaj volvieron,0
1949,Hago menú xdddd Segura √ #Anecdotas HAHAHAHA tropezó litros peces,0
854,crudo bizco JAJAJAAJ #Anecdotas jjajajjajajajjajaja McDonalds quítate conducir =D iPad jajaja,0
1991,blancos JAJAJAJAAY arreglo Bruce bobo JAJAJAJAJAJAJAJAJAJAJAJAJAJAJAJAJAJAJA albañiles Polo Viejo jajajajaaja científico,0
1859,Condones diseñador Supe preferido JAJAJAJAJAJAJA teléfonos cogí CRISTOJAJAAJA estufa reproducirte bañando árbol LOLA Contratado,0
239,llamé japonés bolita @chistegenialxd,0
988,smartphone laboral zapato paracaídas Excepto Salimos autopsia Jajajjajajjaja caracol funcionar,0
122,autos JAJAJAAJAJAJA JÁ adoptado restaurante,0
687,velas cuéntale Jajajajá #Chiste Xd √,0
915,nube pegan Thor óptica palomas,0
1260,Mickey @JajaChistes Conoces,0
1267,estallaJAJAJA jajajajaaja ácido colchones Pase,0
1994,"sentarse HAHAHAHA testigos albañiles japonés .
. Niño CRISTOJAJAAJA blancos",0
1446,jajajj traficante podía Jajajajajajajajajajajajajajajajajajaja manzanas jaimito Alcohol JAJAJAJJAJAJA confesarlo tiré Terminator vendí tenis monja confundido,0
77,bebida frenos Vienes superficie llamaría,0
1423,remedios hacés noooo xdd estallaJAJAJA Niño Napoleón Pepito descubrí viagra JAJAJAJAJAJAJAJAJAJAJAJAJAJAJAJAJAJAJAJAJAJAJAJAJA,0
1563,Auxilio,0
714,JAJAJAJAJAJAJAJAJAJAJAJAJAJAJAJAJAJAJAJAJAJAAJAJAJAJAJAJAJAJAJAJAJA JAJAJAJAAJAJAJA martillo,0
1335,#Arenalol ajjajaja AJAJAJAJAJAJAJ,0
369,inodoro monja tigres,0
1601,Toc Acto terapeuta Mirá,0
1943,alcohólico prepare AJJJJAJJAJAJAJJA,0
1077,Sagua'aJAJAJA cuelga estufa Style sencillos pon,0
1707,#Anecdotas Muere Pregúntale flojo xdddddd,0
816,Jajajajajajjajajajaja #Anecdotas tenis discapacitados √ Sufrir jajajs jajahaa biblioteca Jajajajajajjajajajaja JAJAJÁ desordenada solita,0
1394,JAJAJAJAJAJAJAJAJAJAJAJAJ bolígrafo Segura Entienden apareció Idea comillas Úselo tinta baterías diagnóstico,0
251,funcionar África Chapo JAJJAJAJAJAJAJAA coff jajajajajajajajaja Idea Terminator JAJAJAJAJAJAJAJAJAJAJAJAJAJAJAJAJAJAJAJAJAJAJA,0
2156,JAJAJAJAAY #Hahaween cadáver Acuario JAJAJAJAJJAJAJAJAJAJAJAJAJJAJAJAJAJAJAJAJAJAJAJAJAJA Fea curvas,0
1178,Década cinturón JAJAJAJJAJAJAJ llola principal Página JAJAJAJAJÁ Segura,0
1772,traga,0
2022,JAJAJAJAAJAJAJA Barney dirías JAJAJAJAJAJAJAJAJAJAJAJAJ Jajajajajajajajaja Ajjajaajajaja Terminamos autopsia Jajajaja tenedor 4x4 Príncipe Acto HAHAHAHAHH,0
44,Style ordenador JÁJAJAJAJAJ,0
275,terapeuta cayo jajajajajjajajajajaj LoL plátano Polo confesarlo casaron JAJAJAJASUELTENME prostitutas ginecólogo coges Shake,0
1503,tuvieras,0
123,Rápido Inmaduro gravedad funcionaba Batman Tranquila Joven flaquita JAAJAJA Harlem #Hum,0
1988,sardina corres Terminator #Hahaween pájaro,0
814,JAJAJAJAJAJAJA xDD Inmaduro llamaba peluquería servirle llamó JAJAJAJAJAJAJAJAJAJ relleno jajjajaja Daña,0
1790,estufa akdjajajaja ajajaj caníbal jajajsjaj traga Lollapalooza matrimonio,0
727,Bestia 4x4 ESE jajajaa sentó peroJAJAJAJAA euros remedios,0
1212,harías gemelos preservativo leones #Anecdotas palomas Titanic,0
1369,Jajajajajajajajajajajajajaja jajajajajajajajajajajajajaja jaimito Mirá farmacia conducir tortugas,0
607,pollitos bartender cumplido #JAJAJA pájaro cuchillo ordenadores,0
326,Soldado JAJAJAJAJAAJJA Inicio ajajajaja JAJAJAJAJAAJJA supo Mijo superficie letrero jaja two jabón Hablo menú,0
41,ginecólogo televisión JAJAJAJAJAJASUELTENME lloró pololo JAJAJAJAAJAJAJA fíjate Jajajá JAJAJAJAJAJAJJAJAA euros televisor flaquita baba SOLA,0
649,Wikipedia Viste repito,0
212,#JajaChistesGAME #Los10MandamientosDelVago incorrecta,0
176,Barney Inicio 1acto toc martillo Ray,0
898,jajajajajajaj Per jajajjaj vasito diarios reproducirte ― Disculpa #JAJAJÁ piojo JAJAJAJJAJA tirada,0
380,agujero Trabajas serías pepito gemelos crudo pegan jajjaja nació Fea jajajajajajajajaja supo,0
525,Dígame ingeniero mozo,0
1133,calentado Domino's Jajajajajajjajajajaja jajajajaj Tierra Cuándo espacial corres Chin tiraste JAJAJAJA secretaria PIZZA agujero,0
1480,serpiente nieto JAJAJAJJAJAJA jajjaja preservativo Jajajajajajajajaja lollapalooza coff CRISTOJAJAAJA brillante ‎,0
1437,masturbación #Humor mapa JAJAJÁ jajajj peluquero Cuándo JAJAJAJJAA responda revisando jajajs Chiste objeto,0
503,"AJAJJAJAJAJAJAJAJA gravedad JAJAJAJAJAJAJAJAJAJAJAJAJAJAJA tsunami gemelos .
. Tierra llevaban íbamos jajajajaja terapia finalmente masturbación",0
544,peinado apareció cortaron tartamudo LOLLA árabe bolita servirle jajajsjaj,0
1170,bebes JAJAJAJAJAJAJAAJJAJAA ajjajajaja,0
1226,#humortico prometes jajajsjaj,0
2165,gemelos Jajajajaj ajajjajajaj Salimos jajajaa AJAJJAJAJAJAJAJAJA JaJaJa crudo Tantos jajahaa gritas Salud JAJAJAJAJAJAJAJ finalmente,0
1284,gastos Neymar CUÁL remedios Pikachu Gym vasito cuéntale ahorro ― llevaron xdxd,0
1932,Ajjajaajajaja tenían Escucha lol Drácula Escribiendo 2050 testigos Vino astronautas litros Judas órganos Ajjajaajajaja jajajajjajaja,0
1471,apuesta Ajajajajaja virginidad calentado principal monjas principal prehistoria llamarse llamaré Shake,0
1593,Tome JAJAJAJJAJAJ #humortico Pene agujero JAJAJJAJAJAAJA Alzheimer cabezas jajajaa llamarse crece jajajs,0
1049,burro Pick ajajajaja JAJAJAJAJAJAJAAJJAJAA cigüeña actor escalera cubo ajjajaja Idiota Pase JAJAJAJAJAJA,0
1032,transformer pollito casaste CARA árbol,0
1229,gemelos monja pololear Viste hacés vendí #JajaChistes recientes psicólogos traía,0
2129,agujero jajajajajajja,0
2169,UY ajajajja Inicio,0
2033,Salud terapia manco Cariño vidrio nube Tantos terapeuta JAJAJAJJAJAJA gastos currículum,0
1996,Andrea Quiénes Jajajajajajajajajajajajajajajajajajaja vitaminas Jajajjaa conducir árabe JAJACHISTES bombillo,0
1139,palomas jajajsjaj NOO,0
937,vendí manzanas gluglu sillas reproducirte peroJAJAJAJAA GráficoJAJAJAJAJJA capitán enojaste bolita apuesta Mire terror,0
1782,alcoholismo gastos Ave,0
204,diarios bobo Tienen Desea cinturón,0
425,JAJAJAJAJAJAJAJAJAJAJAJAJAJA Formas √ jajajjajajajaja Superman ajjajaja Taxi análisis llevaron jardinero presta,0
998,confundido Terminamos,0
466,Cuáles servir flota,0
690,nube martillo albañiles camarero,0
1131,laboral,0
551,bolígrafo JAJAJAJAJAJAJAJAJA,0
654,JAJAJAJAJAJAJAJÁ ABUELO speak Viejo jajajjajajajaja televisor JAJAJ,0
1966,xD gemelos sillas ninfómana tuvieras femenino,0
1182,AJAJAJAJAJAJAJAJAJAJA currículum bombillo jjajajajajjajajajaja fórmula sorprendido manco recientes Jajajajajajjajajajaja sapo metí,0
1326,JAJAJAJAJAJAJAJAJAJAJAJAJAJAJAJAJAJAJAJAJAJAJAJAJAJAJAJAJAJAJAJAJAJA Xd ajajajajaja JAJAJAA,0
864,supo estallaJAJAJA JAJAJAJAJJAJAJAJAJAJAJAJAJJAJAJAJAJAJAJAJAJAJAJAJAJA Soldado,0
1146,conocimos menú Thor reencarnación autocorrector mecánico Pedrito tenedor,0
1885,descubrió tardas supo Querida OVNI atropelló 365 flaquita,0
12,arrastrándose Jajajajja bebés,0
416,Cállese champú nube ahorro Vienes,0
1236,besito Newton Toc Señorita Acto calentado Entienden pololo,0
1538,crudo,0
2160,#CHISTE ‎ rama Gangnam ELIJO calentado JAJAJAJAJAJAJ jajajajajajajajajavier,0
749,JAJACHISTES JAJAJAJAJA ESE POLICÍA JAJAJAJAAJAJJA tacaño Tienen #JAJAJJA ovejas jajajajaaja 2y hipoteca Camarero,0
1119,moscas Bond jajajajaja Jaimito estatura pajarito JAJAJÁ conejo ‎ canguro aplausos piojos zoológico,0
389,Abraham Camarero tacaño HAHAHAHAHH adivinas flaquita JAJAJAJAJAJAJAJAJAJAJAJAJAJAJAJAJAJAJAJAJAJAJAJAJAJAJAJAJAJAJAJAJAJAJAJAJAJAJ Animal jaula sacerdote maquillada Jajajajajajajajajajajajajajajajajajaja,0
1693,cupido jajajajajajajajajavier cupido XD,0
904,regresó obsesionada Buajaja parcialmente agotado toc diseñador cuéntale Wikipedia JAJAJASUELTENME,0
400,JAJAJAJAJAJÁ Mirá automático JAJAAJAJAJAJAJAJAJAJA planeado JAJAJAJAJAJA mmm alteré orgía bartender,0
78,jjajajajajjajajajaja repito economía JAJJAJAJAJAJAJAA jaimito hazme nublado Acuario Xd,0
2167,2acto,0
1774,JAJAJAJAJAJAJJAJA Disculpa nube Domino's JAJAJAJAJAJAJAJAJAJAJAJAJAJAJAJAJAJA JAJAJAJAJAJAJAJAJA,0
569,conejo monja Ajajajajaja JAJAJAJASUELTENMEAPENAS Xd rompecabezas,0
21,Piensalo JAJAJAJASUELTENME gané Recuerdas llevaban #CHISTE JAJAJAJAJAJ ajajajaja jajajajajajajajajavier Contratado,0
812,JAJAJAJAJAJAJAJA callado,0
2002,aplausos ordenador Auxilio terapia jajajajaja gritaron sacerdote lol Daña JAJAJAJAJAJANo remedios two llámame tiposJAJAJA jajajajaaja,0
1000,Barney two lloró tenían Comida,0
2137,casaste jajajaj Ave Querida,0
2023,#jajaja Luna calentado monja llamaba casó TOC mataron iPod,0
1888,jabón JAJAJAJAJAJAJAJAJAJAJA Jajajajja #SuperligaOrangeLoL7 JAAJAJA ofrezco flojo HERMOSO autos probado funcionar,0
837,solita,0
1315,PONCHES JAJAJAJAJAJAJAJAJAJAJAJAJAJAJAJAJAJAJAJAJAJAJAJAJAJAJAJAJAJAJAJAJAJAJAJAJJAJAJAJAJAJ televisión iPod Gay,0
1555,jajahaa Quiénes lolla remoto peces Gym,0
95,ingeniero Formas,0
428,Má deme moco conocimos Cállese televisión Recuerdas CUÁL HAHAHAHA telón sabido brillante AJAJAJAJAJAJAJAJAJAJA plátano,0
538,JAJSJAJAJAJAJA SOLA JAJAJAJJAJAJAJ Entienden estufa Testigos pololear Inicio pololo,0
1114,recientes álgebra ajajaj serías ascensor japonés ballena gravedad planta █ JAJAJAJAJAJASUELTENME bipolar jabón,0
985,jajajajaj,0
1879,llamaba WiFi Jajajjaa buzo calculadora,0
1600,descubrió Listo Ajajaja DiCaprio jajajajajajajajajavier tinta Jajajajajajajaj vegetariano sacerdote trajiste repito astronauta cumplido Pafuera Tranquila,0
2118,supuesto ahorro CARA #Hum olla Rápido jajahaa Cancelar parcialmente xD Pepito xD serías laboral Listo,0
408,prostituta Sagua'aJAJAJA Salud jaula gastos Cállate esposas JAJA grité vitaminas platicar Jajajajajajajaj,0
1586,tenedor dirías McDonalds ― LOL Luna JAJAJAJAJAJAJAJAJAJA,0
596,Viejo Viejo JAJAJJAJAJAAJA Viste,0
828,ajajajajaja Camarero bolita jajajaa √ escribí ajajaj buajajajajajaja jajajajsjjjja hacés pollitos automático _ʃʃ hipoteca 1acto,0
24,JAJAJAJAAY olla rayo orgía felicito jajajajaja obstáculos serpiente 4x4 casan JAJAJAJAAJAJJA Estaban Cuáles gastos Jajajja,0
1698,agotado flaquita Thor funcionan cajas prepare Jajajajajá Conoces semáforo funcionaba jajajajajjajajajajaj JAJAJAJAJAJAJAJ velas Pregúntale astronautas,0
1313,#FelizCumpleañosJajaChistes JAJAJAJAJÁ Cállate servilleta champú pololear ajajajajaja #ChisteMachista Bestia speak Cuándo ⇆,0
1605,Viste cumplido leones masturbación vidrio JAJAJAJAJAJ pololo,0
1500,mudo palomas Jajajajajajajaja echas JAJAJASUELTENME volvieron curvas brillante,0
152,Muere virus,0
2007,xddddd moscas juguete ajajaja árbol ‎ JAJAJA diarios,0
1928,2acto subiste transformer toc @CamilaTuDiosaxD Jajaj JAJAJAJAJAJAJAJAJAJAJAJAJAJAJAJAJAJAJAJAJAJAJAJAAJAJAJAJAJA jaja Bestia,0
851,incorrecta,0
1068,Galaxy funcionan obsesionada seco Dile Mirá adoptado Condones gané gané AMIGOS anciana,0
1919,JAJAJAJAJAJAJÁ astronauta enojaste,0
1654,TOC JAJSJAJAJAJAJA Abrir gallina tiposJAJAJA quítate caníbal mmm leyenda foca,0
994,Mire Condones pegan Contratado repito casemos Camarero JAJAJAAJA autos vitaminas JAJAJAJASUELTENME sandwich frenos ❒ tortugas,0
1541,rayo JAJJJAJAAJAJAJAJJA,0
581,operación estómago masturbación @CamilaTuDiosaxD pololear #LOL JAJAJAJAJAJAJAJAJAJAJAJAJ Buajaja Salvador JAJAJAJ jajajajajajajajajajajajajaja,0
614,jajajajajaja 4x4 peinado tos Adelante peroJAJAJAJAA relleno XD ♌ hijita curvas JAJAJAJAJAJAJAJAJAJAJAJAJAJAJAJAJAJAJAJAJAJAJAJAAJAJAJAJAJA musicales estómago leones,0
107,Habia JAJAJAJJAJA  traga NOO Jajajajajaja moscas JAJAJAJJAJAJA Habia,0
1615,enojaste llevaban restaurante Nemo burro,0
224,@chistegenialxd Pato rama semáforo jajajaa 2050 currículum funcionar Samsung #ChisteMachista defendiendo,0
926,Chin Querida JAJAJAJAJJAJAJAJAJAJAJAJAJJAJAJAJAJAJAJAJAJAJAJAJAJA,0
181,África platicar Cuándo Escribiendo Jajajajaajajajajajajajauajajaja grité Perfil Salvador,0
659,caramelos Juana,0
696,llamaste JAJAJAJAJAJAJAJA trasero Cállese LOLLA recreo Jaja letrero Tinder JAJAJAJJAJA jajjaja,0
724,enojaste Joven JAJAJAJAJAJAJJAJAA testigos Compadre JAJAJAJAJAJAJAJAJAJAJAJAJAJAJAJAJAJAJAJAJAJAJAJAJAJAJAJAJAJAJAJAJAJAJAJAJJAJAJAJAJAJ agujero jajajaja paracaídas Pedrito funcionaba JAJAJAJAJAJASUELTENME estufa ji,0
205,diviJAJAJAJ pasame Daña pegan 1acto bebida #LOL two AMIGOS jabón lola JAJAJAJJAJAJAJ 2acto,0
163,Juana velorio ajajajajajaajaj flotan Planet profesores,0
1794,LoL pololo whisky quitó terapeuta corres xD,0
1793,Maestra transformer profesores JAJAJ mecánico bolígrafo tenedor Tome árabe aparato PONCHES,0
759,casemos,0
965,quítate JAJAJAJAJÁ Eva xD rama ♌ barrer actor smartphone Adivina jajajajajajaja,0
1095,prepare Judas quemó gallina JAJAJAJÁ autopsia JAJAJAJAJAJAJAJAJAJAJAJAJAJAJAJAJAJAJAJAJAJAJAJAJAJAJAJAJAJAJAJAJAJAJAJAJJAJAJAJAJAJ bebes Viste,0
2164,camello jajajajajajja Sra jajajajajaj Testigos jajaa Awwww monjas autocorrector Pitbull JAJAJAJAJAJAJAAJJAJAA ordenador jajajajajajjajq cayo,0
1445,Fea,0
1078,discapacitados alcoholismo casan esposas automático incorrecta LoL Soldado quítate iPad Disculpa pasame Abuela conducir,0
563,ajajajajajaajaj Ahahah Coca-Cola JAJAJAJAJAJAJAJAJAJ farmacia JAJAJAJAJAJAJAAJJAJAA defendiendo letrero profesores Jajajjajajjaja monja Jajajajajajajajajajaja Abuela,0
292,clitoris JAJAJAJAJAJAJAJAJAJAJAJAJAJAJAJAJAJAJAJAJAJAJAJAJA Aw profesores cigüeña prometes whisky #JAJAJÁ conducir Jajajajajaja bañando ácido arrastrándose Ave palomas,0
1355,jajaa caracol JAJAvsiamlAñobgrfnkJAJAJA jardinero AMIGOS rompecabezas buajajajajajaja Hacemos,0
465,⇆ vendrá McDonalds nave casados bala Animal nave,0
336,lol,0
385,Narnia jajajajsjjjja pon jabón #Anecd coges cayo #jajaja xddddd Mirá AJAJAJAJAJAJAJ Cuelga platicar,0
856,Pregúntale @HADACON estómago Tome sentó caramelos,0
2073,presentó Listo lolla #JajaChistes Estaban mecánico JAJAJAJAJAJAJAJAJA Quiénes Fea crece farmacia Hago ratones,0
1478,isla jardinero gritas madrina caníbal tiposJAJAJA,0
513,profesores veterinario alcohólicos meterlo jajahaa JAJAJAJAJAJAA reproducirte trajiste Mire ajajajaj Pase ascensor pasame Cuáles lola,0
258,JAJAJAJAJAJAJAJAJAJAJAJAJAJA Juana JAJAJAJAAJAJAJA Alcohol litros Judas currículum Sarahaha,0
1419,llamaba prostituta visa #JAJAJJA ninfómana #4toCumpleañosJajaChistes Ayy ofrezco Gay echas carpintero POLICÍA Genial discutiendo,0
435,Acto fáciles #FelizCumpleañosJajaChistes Condones halloween dálmata Luna Comida,0
346,Soldado cuéntame coff funcionaba JAJAJAJAJAJAJAJAJAJAJAJAJAJAJAJAJAJAJAJAJAJJA casemos JAJAJAJAJAJAJAJAJAJAJAJAJAJAJAJAJAJAJAJAJAJJA responda patos JAJAJAJAJAJAJAJÁ Drácula Adelante,0
1006,condon Callate UY Batman tos Sufrir √ rió reproducirte cobra JAJAJAJAAJJAJAJAJAJAJA Jelipe jaimito,0
1381,Narnia transformer sentarse Tranquila toro Tinder planeado #JajaChistesGAME Cállate xd #4toCumpleañosJajaChistes JAJAJAJAJAJAJAJAJAJAJA JAJAJAJAJAAJJA #FrasesLocas,0
1548,capitán pistola JAJAJAJAJAJAJAJAJAJ cinturón Coca-Cola regresó,0
976,#jajaja conejo #Chiste mudo clitoris JAJAJAJAJAJAA escoba Narnia cortaron logré pololear Póngase,0
2189,sacaste babor,0
318,sapo Doc llamaste Pene hada llamaba Viagra HAHAHAH Jajajajajajjajajajaja,0
1800,POLICÍA √ fáciles,0
414,cortante pestañas █ pajarito JAJAJAJASUELTENME jajjajaja Animal toc Cállese plátano traga mapa,0
1461,Chapo quitó JAJAJJAJAJAAJA Abraham inodoro JaJaJa,0
1533,Cariño prostituta Úselo esposas . . trigo desordenada Desea velorio,0
1573,Viste jjajajajajjajajajaja llamaré Segura,0
2108,pájaro repito economía hijita volvieron Agua brillante tuvieras besito,0
1197,tráigame Andrea traía Úselo jajajjaj #JAJAJJA #Humor Domino's quitó jjajajjajajajjajaja Jajaj Estaban Gallina Nemo,0
497,postre Compadre astronautas descubrí Jajajajajajjajajajaja Awwww Fíjate Condones HAHAHAHA Galaxy barrer,0
1048,Planet Naces,0
1521,Pitbull Compadre #XD finalmente África Viste sardina,0
736,Luna finalmente xD Empieza Duermo Supe pegan Lollapalooza #xD Jajajahaa JAJAJAJAJAJAJ canguro,0
1908,funcionan gluglu adolescente #Cortitos SUEGRA Chin condon,0
930,JAjajajajajajajajajajajajajajajajajajajaaja Pase Listo hijito cajas CORRAN biblioteca,0
1407,Desea @CamilaTuDiosaxD gritas Escribiendo noooo Jajajjaa,0
1102,enchufe zapato,0
413,Juana JAJAJAJAJAJAJAJAJAJAJAJAJAJAJAJAJAJAJAJAJAJAAJAJAJAJAJAJAJAJAJAJAJA millonaria amarillo Disculpa bala confesarlo Pikachu telón casaron,0
1887,ajajajaja Galaxy #Arenalol letrero,0
208,serías JAAJAJA babor #Hum 2050 JAJAJAJAJAJAJAJAJAJAJAJAJAJA ― peces pegan,0
1033,Tienen vagina Terminator crudo menú Gangnam cajas veterinario #CHISTE euros JAJAJJAJAJAAJA prestas prepare jaimito Pafuera,0
911,LOLA jajjaja Awwww,0
427,JAJAJAJAJAJAJAJAJAJAJAJAJAJAJAJAJAJAJAJAJAJAJAJAJA traga ajajajaja finalmente rió,0
4,virus two estufa Cariño Planet jajaj,0
391,ajajajaja Terminamos descubrió Conclusión Hacemos Cancelar Deme burro vidrio Cuáles jajajajja JAJAJAJAJÁ podía,0
1657,cobra bolígrafo crece cigarros Niño mataron Hija plátano Traduzca Listo tartamudo ajajajaj colchones diseñador JAJAJAJAJAJAJAJAJAJAJAJAJAJAJAJAJAJAJAJAJAJAJAJAJAJAJAJAJAJAJAJAJAJA,0
2062,JAJAJAJAJAJÁ Estaban durísimo computadoras Bruce Thomas,0
1776,Lógica manzanas felicito encerrado Loladrones gritaron jajjajaja nave mozo diarios Pick vendedor capitán,0
193,sentarse Bestia,0
858,Tijeras cortante ajedrez pajarito zombie Doc relleno cuéntame análisis compuesto PIZZA ⇆,0
803,terror Idea JAJAJAJAJAJAJAJA,0
304,llámame LOLA Ajajajajaja tuvieras autos xddddddddd chicles órganos tirada,0
2162,Buajaja postre quítate peluquero servilleta,0
1189,5000 vendí llamarse operación,0
74,CORRAN rayo,0
2050,vasito tiposJAJAJA TOC escribí arreglo #Anecd ajajjajajaj Inicio DiCaprio #JajaChistes Titanic #chistesmalos Escribiendo,0
1428,Entendieron piojo Sarahaha Viagra Entendieron vidrio espermatozoide prostitutas logré @HADACON cortaron ATTE,0
717,rompecabezas tuvieras JAJAJASUELTENME descubrió Formas Formas palomas Entendieron llamaste condon JAjajajajajajajajajajajajajajajajajajajaaja televisor,0
1530,preferido pololo dirías caros Salvador,0
201,Jajajaja esposas xdddddd jajajajajjajajajajaj canguro bobo meterlo Conclusión repito buzo jajaa canguro,0
1764,Neymar jajajajajajja besito tos,0
755,ajedrez metí plátano tuvieras PONCHES telón JAJAJAJAAJAJAJA jajajajajajjajq,0
242,ordenador flojo Niño JAJAJAJAJAJA magos Jajajja sorprendido felicito ofrezco Wii JAJSJAJAJAJAJA adivinas #Hum jajajja,0
771,estudias mataron sapo Salud nublado bruto Jajajajajajjajajajaja Tijeras JAJAJ revisando astronauta finalmente Sagua'aJAJAJA,0
680,Supe árbol Contratado escoba JAJAJAJAJAJAJAJAJAJAJAJAJAJAJAJAJAJAJAJAJAJJA Hija manco bañando estatura Jajajajaja baterías,0
1668,#JAJAJÁ adoptado Abuela ajjaja discapacitados,0
918,JAJAJAJAJAJAJAJAJA funeral oveja visa,0
1826,bolígrafo musicales conocimos JAJAJAJAAJAJJA sillas JAJAJAJAAJAJJAJ,0
2114,vagina jajajajajaja camarero JAJAJAJAJAJASUELTENME PIZZA Jajaja ajajajajaja whisky Romeo JAJAJAJAJAJAJAJAJAJAJAJAJAJAJAJAJAJAJAJAJAJAAJAJAJAJAJAJAJAJAJAJAJA gritas,0
697,JAJAJAJAJAJAJAJ jajajajajjajajajajaj ardilla calculadora,0
278,iPad Ave cupido WiFi ELIJO CULO,0
172,flaquita Jajajajajajajaj Coca-Cola Dígame Muere Jajajjajajjaja Luna servirle,0
454,tuvieras Batman JAJAvsiamlAñobgrfnkJAJAJA jajajajajajajajajavier Hablo,0
899,xd Jajajajajajaja Príncipe Entendieron plátano secretaria manzanas,0
356,CARA,0
75,Genial cayo cubo Ave moscas,0
2175,@CamilaTuDiosaxD jajajajajaja Agua two conducir #FreeLoLa Daña hipoteca #humortico,0
263,peces tinta tiposJAJAJA JAJAJAJAJAJAJAJA llamaba Jajajjaa,0
61,patos Wii ajajajaj obstáculos Lola LIKES jajajá frutas diseñador Jelipe musicales cuchillo frenos grité,0
1763,Ahahah grité tirada JAjajajajajajajajajajajajajajajajajajajaaja Mirá subiste maquillada confundido órganos CAGUÉ tenían Cuelga Tijeras,0
1721,dejaré mierdaJAJAJSKSJA Jajajja serías jajajajajaja,0
2025,pollitos baba JAJAJAJAJAJAJAAJJAJAA,0
1308,jajajajjajaja sentar JAJAJAJAJÁ grité baba Juana Tranquila rió JAJAAJAJAJAJAJAJAJAJA,0
1248,JAJAJAJAAJAJAJA Fíjate Rápido autopsia sencillos JAJAJAJAJAJA jajajajjajaja ajajjajajaj Coca-Cola semáforo compuesto Jajajajajajaja monjas,0
96,flota jajajj Jajajajá Maestra conocimos ajajajajajaajaj Acto ramita JAJAJAJAJAJAA colchones casaste Cuelga Naces jajajajja gluglu,0
1556,alcohólicos,0
479,prepare Alzheimer vidrio Salvador,0
1827,llola servilleta meterlo Shake alcohólicos probado zombie pistola JAJAJAAJA llamaba nublado Eva,0
1631,jajjajaja JAJSJAJAJAJAJA,0
811,Jajajajaj #CHISTE ballena Romeo,0
1679,llamaba tos jajaja llevaron,0
1570,4x4 higiénico Batman CUÁL JAJAJAJAJAJAJAJAJA jajajá xdd OVNI AJAJJAJAJAJAJAJAJA,0
2032,JAJSJAJAJAJAJA finalmente,0
1232,estudias Desea astronauta computadoras llamaba bebida JAJAJAJJAJA Jajajajajaja jajajajajajajajsjajajjasj diagnóstico aplausos bartender jajaja,0
509,terror =D cogí Ajjajaajajaja █ anciana actor asustado euros Póngase calentado,0
910,JAJAJAJAJAJAJAJAJAJAJAJAJAJAJAJAJAJAJA veterinario pololo asustado principal íbamos quitó oveja tirada Má JAJAJAJJAJAJA Dígame,0
782,chango pasame Barney discapacitados Sra Judas operación solita Jajajajajajjajajajaja probó femenino,0
2185,TOC JÁJAJAJAJAJ ATTE #JajaChistesGAME whisky serpiente,0
131,JAJAJAJAJAJAJJAJAA Hablo jajajajajajajajajajajajajajajajajajajaj Empieza superficie masturbación compuesto apareció,0
1186,jajajs prostituta xdxd Inicio biblioteca ajajajajajaajaj diarios WiFi llámame Trabajas 4x4 Piensalo árbol,0
392,♌ operación Abuela 1acto jajajajajajajajsjajajjasj nave funcionan lol toro Adelante JAJAJ,0
982,ofrezco JAAJAJA SUEGRA casó caramelos casó Wii Cuelga,0
30,WiFi Jajajajajajaja inodoro cortaron gluglu JAJAJAJAJAJAJAJAJAJAJAJAJAJAJAJAJÁ planta gemelos Salimos vasito JAJAJAJAJAJAJAJAJAJAJAJAJAJAJAJAJAJAJAJAJAJAJAJAJAJAJAJAJAJAJAJAJAJAJAJAJJAJAJAJAJAJ Hago televisión quitó hacés,0
434,taxista Niño Jajá XD xddddddddd,0
140,█ Deme quemó Niño Sra,0
1696,apareció Chapo madrina jajajajajjajajajajaj,0
1640,SOLA Jajajajajajajajaja Recuerdas Inmaduro jaimito,0
312,sorprendido llevaron LOLLA LoL vendedor caracol virus jajajja Testigos bebida Fea JAAJAJA superficie Jajajajja,0
1757,sillas estallaJAJAJA CULO veterinario,0
1237,probado,0
1433,escoba metí jajajj,0
1917,SOLA agujero Perra litros LOLLA defendiendo Tome Acaso Neymar,0
1108,espermatozoide tos ⇆ ahorro Niñas esposas probó preferido computador #Chiste CARA mapa,0
1554,nublado mataron dirías jajajjaj Cuáles árabe lame @chistegenialxd nublado callado remoto brillante,0
935,JAJAJAJAJJAJAJAJAJAJAJAJAJJAJAJAJAJAJAJAJAJAJAJAJAJA cocodrilo,0
1050,Neymar flaquita #JAJAJA Hacemos burro 2050 CULO Jajaja Jaimito ❒ HAHAHAHA JAJAJAJAJÁ,0
411,Newton jajajajajaj hipoteca jabón Condones Coger #FreeLoLa manco Drácula,0
1780,campanas Loladrones vidrio Bestia,0
418,testigos lame vagina ♌,0
1429,ELIJO #FelizCumpleañosJajaChistes rió meterlo Jajajajajajaja speak tuvieras apuesta quítate,0
1958,Jajajajá deme Salimos ingeniero tuvieras peinado jajajaa Jajajajajajjajajajaja tsunami esposas Doc adoptado jajajs Lollapalooza,0
2123,Conoces taxista jajajjaj responda Drácula ³ JAJAJAJAJAJAJAJAJAJAJAJAJAJAJAJAJÁ #Chiste mierdaJAJAJSKSJA Eva femenino aplausos traía jajajajajja rama,0
549,_ʃʃ jaula,0
1134,vendí Mickey sacerdote cuéntale xdddddd pololo estallaJAJAJA ajajaj ordenador tenedor asustado Trabajas,0
639,mecánico tinta marque ratero sacerdote 2y jajajajaaja,0
1557,litros moscas funeral Hago LIKES Supe buzo Chica Sra hablándole,0
1750,― ordenador bebes Jajajajja JÁ xdd serías Salvador lola Señorita Muere,0
1468,letrero velorio Judas lolla JAJAJAJAJAJAJAJAJAJAJA Tierra funcionan #chistesmalos,0
684,gastas nube autopsia JAJAJAJ #chistesmalos Habia Ajajaja felicito Póngase Ayy remedios brillante servilleta ingeniero jajajajjajaja,0
420,piojo PIZZA discutiendo,0
62,ahorro JAJAJAJAJAJAJAJAJAJAJAJAJAJAJA paracaídas tenían,0
287,Listo Jajajajajajajaja,0
1858,Capitán Jajá conocimos Tierra,0
1205,ardilla JAJAJAJAJJAJAJAJAJAJAJAJAJJAJAJAJAJAJAJAJAJAJAJAJAJA JAJAJAJAJAJAJAJAJAJAJAJAJAJA McDonalds JAJAJÁ,0
1122,estómago viagra Listo Salimos #chistesmalos Terminamos,0
1727,Príncipe pájaro computador besito Hablo hahaha economía Animal,0
1572,piojos JAJAJAJAJAJAJJAJA Napoleón prehistoria bipolar alcoholismo champú #XD JAJAJAJAJAJAJAJAJAJAJAJAJAJAJAJAJAJAJA Gay casó preferido operación autos JAJAJAJAJAJAJA,0
1934,LOLLA llevaban #JAJAJÁ esposas finalmente cobra llevaron postre Viste,0
295,#FrasesLocas condon JAJA estudias blancos ³ JAJAJAJAJAJAAJJAJAAAJ escoba gritaron #SuperligaOrangeLoL7 principal,0
1442,secretaria nave prostitutas japonés,0
505,CRISTOJAJAAJA Segura higiénico sillas confesarlo leones jajajajja dejaré,0
971,#chistesmalos CORRAN JAJAJAJAJAJAJAJAJA ajajaj LIKES #SuperligaOrangeLoL7 JÁJAJAJAJAJ Excepto Má,0
973,CO pegan Camarero jajajajajajjajq metí Soltero Adivina ratones Hablo cenizas caramelos OVNI Buajaja Buajaja,0
1978,peroJAJAJAJAA arrastrándose tirada hijita gemelos Hago diagnóstico Jajajá Desea tiré bruto jajajs JAJAJÁ Habia,0
1636,regresa POLICÍA Xd ajajaj Terminamos #jajaja piojos mago adivinas frutas 2acto Aw Creces Viagra ordenador,0
1734,agujero Jajajajja Chapo JAJAJAJAJAJAAJJAJAAAJ ajjajajaja Pato arrastrándose ❒ taxista,0
65,JAJAJAJAJAJA Genial ninfómana CO Formas Superman xDD #humortico Condones ratones toro JAJAJAJAJAJAJAJAJAJAJAJAJAJAJAJAJAJAJAJAJAJAJAJAJA Mire,0
2197,nube Sabés,0
58,#Cortitos viagra #FrasesLocas conejo Jajajjaa peluquero Cuelga cinturón ordenador,0
1971,Genial JAJAJAJAAJAJAJA alcoholismo Adelante dirías Contratado Jajajajajajjajajajaja lollapalooza plátano Acuario velas Andrea Pafuera,0
1918,vegetariano quitó JAJAJAJAJAJAJAAJJAJAA JAJAJAJAJAJAJAJAJAJAJAJAJAJAJA #FreeLoLa naranjas Sagua'aJAJAJA,0
1070,jajajjaj llola hazme preferido teléfonos Superman burro taxista JAjajajajajajajajajajajajajajajajajajajaaja,0
87,casan diviJAJAJAJ higiénico JAJAJAJJAA laboral tinta,0
1299,Tienen autocorrector laboral Napoleón xdddd iPad #JuegosJajaChistes computador Jajajajajajjajajajaja volvieron ballena nave jajaa Rápido,0
1711,JAJAJAJAJJAJA #Anecdotas Sufrir Cancelar jajajajajajajajajajajajajaja televisor apareció 365,0
129,Quiénes JAJAJAJASUELTENMEAPENAS HIJO tiré chicles quítate 250 velorio pasame relleno JAJA Jajajahaa mecánico Nemo,0
1642, autocorrector tenían operación Batman llevaron velas JAJAJAJAJAJAJAJAJAJAJAJAJAJAJA,0
190,JAJAJAJJAJAA gritas GráficoJAJAJAJAJJA sapo cadáver culpable cortante Acto,0
1249,Ring cojo zoológico Neymar ballena burro JAJAJAJAJAJAJAJAJAJAJAJAJAJAJAJAJAJAJAJAJAJAJA árabe,0
2016,prostitutas Póngase jajajajaaja tenedor traga enchufe virus telón computador tacaño GráficoJAJAJAJAJJA Ajajajajaja autopsia,0
1914,Samsung secretaria Jajajajajajajajaja remedios JAJAJAJAJAJAJAJAJAJA HIJO Tome escoba _ʃʃ,0
1242,Terminamos Disculpa clitoris,0
2030,CO llámame Vino manco cumplido Jajajajaja obstáculos dálmata estudias peces JJAJAJAJAAJJA bolígrafo,0
1811,Thor ratones,0
1505,Cállate SUEGRA televisor JAJAJAJASUELTENMEAPENAS Andrea viagra agujero Pick calculadora Andrea JAJSJAJAJAJAJA,0
955,conocimos Neymar #JAJAJÁ Pafuera postre Jajajajaajajajajajajajauajajaja tropezó presentó mudo Chapo JAJAJAJAJAJAJAJ,0
1874,anciana crece reproducirte pájaro dirías xddddd,0
1731,Bestia,0
879,JAJAJAJAJAJAJAJ Jajajajajajajaj,0
168,Chiste felicito Úselo científico √ escalera supo jajajaa autopsia aguantas,0
678,tigres Hulk tenedor Mirá peluquero presentó sentar OVNI toro tirada,0
519,jajajajajajajajajavier jajajajajajajajajavier JAJAJAJAJAJAJAJAJAJAJAJAJAJAJAJAJAJAJAJAJAJAJAJAAJAJAJAJAJA esposas Acuario JAJAJAJAJJAJA televisión científico casados funcionaba ji GráficoJAJAJAJAJJA,0
1065,Abraham,0
2135,hijita Nemo Shake bolita lollapalooza JAjajajajajajajajajajajajajajajajajajajaaja SOLA,0
1552,Jajajjajajjaja zombie HERMOSO JAJAJAJAJAJAJAJAJAJAJAJAJAJAJAJAJAJAJAJAJAJAJAJAJAJAJAJAJAJAJAJAJAJAJAJAJAJAJ JAJAJÁ gané,0
395,isla metí #JajaChistes McDonalds foca biblioteca Jaja Alcohol,0
744,AJJJJAJJAJAJAJJA llamaba ajjajaja,0
307,Salud palomas presta JAJAJAJAJAJAJ actor Jajajajaja respondió Awwww Alzheimer,0
2011,velas JAJAJASUELTENME,0
1726,escalera terapeuta Jajajja bobo noooo,0
2053,bruto pololo hijito pistola álgebra ingeniero Dile teléfonos manco,0
1434,JAJAJAJAAJAJAJA JAJAJAJAJAJAJAJAJAJAJAJAJAJAJAJAJÁ nave,0
1346,llamé actor Ray mordió akdjajajaja ATTE Úselo Condones ABUELO xdd JAJAJAJAJA,0
1686,regresó prostituta vidrio 5000,0
2080,Empieza Cuándo palomas JJAJAJAJAAJJA alcohólico zombie Jajajajajajajajajajaja JAJAJAJÁ Hija lol jajajajsjjjja,0
2186,peinado ordenadores incorrecta reuniones,0
1421,#JAJAJA JÁ JAJAJAJAJAJAJAJAJAJAJAJAJ dejaré #Los10MandamientosDelVago órganos cadáver,0
815,Quiénes ajajajajajaajaj logré =D jajajajajajja Década grité,0
150,Buajaja Adelante cortante Traduzca Duermo llamaría Perfil cinturón 2acto,0
1151,virginidad Cuelga bolita haha jajajajajajaja jajajajajajaja Jajajajajajjajajajaja AJAJAJAJAJAJAJAJAJAJA quitó tenis bolígrafo jajjaja Domino's ácido sacaste,0
1325,Jajajajajajaja,0
59,Jajajajajá Compadre superficie Niñas superficie espacial preferido,0
279,JAJAJAJAJAJAJJAJAA vidrio JAJAJAJAJAJ lola xDD probó jardinero Acaso cajas NOO #CHISTE confundido,0
72,prestas jajjaja funeral jajajjaj AJAJAJAJAJAJAJ higiénico jajjaja Ring JAJAJAJAJAJAJAJAJAJAJAJAJAJAJAJAJAJAJAJAJAJAJAJAJAJAJAJAJAJAJAJAJAJAJAJAJAJAJ JAJJJAJAAJAJAJAJJA cortante Taxi #chistesmalos Ajajajajaja #JAJAJA,0
99,oveja ⇆ ascensor carpintero  lloró PONCHES Estaban,0
1309,árbol JAJAJASUELTENME tsunami llamarse enojaste Lollapalooza visa,0
261,Jajajajajajajaja restaurante @chistegenialxd,0
2176,two √ principal orgía #FreeLoLa Lollapalooza gravedad Lógica psicólogos CO,0
1195,cuchillo Tijeras AJJJJAJJAJAJAJJA JAJSJAJAJAJAJA moco Tinder mapa culpable farmacia JAJAJAJJAJA JAJAJAJAJAJAJAJÁ,0
1622,Daña Trabajas xdddddd Wikipedia Gay obsesionada iPod adolescente reproducirte echas LOL prostituta,0
1638,camarero finalmente pololear cadáver madrina currículum pollitos,0
1544,Comida #JajaChistesGAME pollito Pick jajajajaja tratamiento bartender Xd África Jajaja Empieza monjas ajjajaja,0
960,Ajajaja cuéntale Tome gané esposas Abrir . . cojo cigarros,0
1604,arreglo tiraste JAJAAJAJAJAJAJAJAJAJA Supe Domino's litros HIJO dálmata aguantas Escucha órganos Maestra,0
1941,#JuegosJajaChistes clitoris tuvieras █ cubo Acaso,0
1993,peinado JAJAJAJAJAJAJJAJA enojaste,0
1755,piojos Lollapalooza Jajajajajajaja escala Úselo,0
1086,farmacia peinado ginecólogo Inglés JAJAJÁ hipoteca Ayy Abuela ratero,0
115,parcialmente supo jajaa CRISTOJAJAAJA economía,0
438,rió coges bizco trajiste,0
773,tirada restaurante Gangnam Doc CUÁL akdjajajaja transformer,0
862,óptica visa grité principal,0
1336,Per JAJAJ millonaria estatura JAJAJAJAJAJAJAJAJAJAJAJAJAJAJAJAJAJA dejaré lolla lame tropezó,0
1797,litros enojaste piojo,0
60,anciana Thor JAJÁ calentado,0
1574,HERMOSO ahorro planta Conclusión Príncipe ❒ análisis actor crece Ayy JaJaJa burro,0
417,estallaJAJAJA diarios tuvieras Página apuesta JAJAJAJAJÁ jajjajaja Salvador,0
167,#Chis masturbación,0
2183,jajajajajjajajajajaj llamarse Tinder Abraham AJAJAJAJAJAJAJ Entienden Jajajajjaja JAJAJAJAJAJAJÁ cumplido Cállese xdd,0
1892,secretaria Viagra Pikachu @CamilaTuDiosaxD jajajajajajjajq ascensor,0
162,reencarnación Loladrones JAJAJAJAJAJAJAJAJAJA meterlo moco servirle euros JAJAJAJAJAJAJAJAJAJAJAJAJAJAJAJAJÁ agujero Comida JAJAJAJAJAJAJA maquillada GráficoJAJAJAJAJJA alcoholismo,0
1483,#FelizCumpleañosJajaChistes,0
2122,encerrado Contratado JAJAJAJAAJAJAJA caería trigo obstáculos HAHAHAH AJAJAJAJAJAJAJAJAJAJA reuniones Trabajas martillo DiCaprio Jajajajajajajajajajaajajajajaja Gay JAJAJAJAJÁ,0
185,relleno ajajajajja AJJJJAJJAJAJAJJA Viste bala dejaré JAJAJAJAJAJAJAJAJAJAJAJAJ JAJAJAJAJAJAJAJAJAJAJAJAJAJAJAJAJAJAJAJAJAJAJA trigo Idiota,0
1802,Tienen jajajajajajajajaja caíste subiste sentó jajajajajajajajajavier harías Lola dálmata Auxilio chango cayo economía Deme,0
2042,#chistesmalos POLICÍA ácido volvieron jajajaajajajajajaj XD Perdone Napoleón,0
1596,revisando marque ajajajja Jaja Jajajajajajajajajajajajajaja autos funeral GráficoJAJAJAJAJJA,0
515,Bruce #LOL,0
2085,prostituta alumno Thor Traduzca Bond Condones confieso Lógica televisor manco LIKES CRISTOJAJAAJA,0
1728,Compadre alcohólicos jajajs metí Doc computador preferido atropelló trigo Acaso sorprendido tropezó,0
1239,quítate JAJAJAAJAJAJA caramelos cumplido jajajajja superficie monja,0
33,bolígrafo probado tacaño autocorrector cigarros JAJAJAA,0
1999,XD leggins gemelos Duermo 2y,0
433,sillas mago JAJAJAJ tenis mmm Tome,0
1929,Trabajas WiFi CUÁL Luna cortante ginecólogo curvas #Humor calculadora GráficoJAJAJAJAJJA hipoteca casaste sandwich,0
1414,Bruce supuesto,0
1954,Acaso Ajjajaajajaja JAJAJAJAJAJAJJAJAA vagina #humortico isla Pedrito ordenadores 1acto,0
908,Dile barrer CRISTOJAJAAJA JAJAAJAJAJAJAJAJAJAJA quemó Acuario virginidad enojaste estallaJAJAJA bolita tos,0
978,planeado tinta astronautas Jelipe computadoras ♌ jajajajaja pololo preferido Salud CARA sacaste JAJJAJAJAJAJAJAA,0
2088,ELIJO confundido,0
1147,bala JAJAJAJAJAJAJAJAJAJ cuéntale probó hablándole manco telón #FelizCumpleañosJajaChistes JAJAJAJJAA japonés CAGUÉ mago smartphone,0
1882,casan patos obsesionada obstáculos conocimos pestañas terror ♌ Abrir peinado matrimonio serpiente Barney JAJAJAJAAJAJAJA sillas,0
214,economía lolaso JAJAJAJAAJAJJAJ Wii Fíjate gastas escalera JAJAJAJJAJAJ Hulk 250 femenino JAJAJA Idea,0
1456,grité Hulk Lola,0
1023,Soltero JAJA Cuáles Príncipe jajajajaaja JAJAJAJ caería @rrouvier,0
259,CAGUÉ Segura,0
884,estatura JAJAJAJASUELTENME JAJAJAJAJAJÁ compuesto jaula ratones Terminator JAJAJAJAJÁ jajajajaaja,0
595,toro presentó McDonalds,0
174,gritaron culpable Narnia zombie Chin JAJAJAAJAJAJA #Hahaween nave #JajaChistes supo probó Página preferido,0
1641,Jajajajajajajajajajaja,0
892,rama Escribiendo,0
374,escoba nació @HADACON pájaro Jajajajajaja JAJAJAJJAJAJ funeral funeral llámame jajaa lolaso,0
1889,cortaron trajiste paracaídas Hacemos,0
429,Terminamos recreo JAJAJAJAJAJAJAJAJAJAJAJAJAJAJAJAJAJAJAJAJAJAJAJAJA JAJAJAA,0
857,biblioteca planeado ordenadores JAJAJAJ televisión two Pene,0
1875,engaña Eva,0
1341,actor moco mecánico campanas jabón 250 Capitán rama serías,0
550,orgía farmacia ahorro anciana caracol presta probado,0
1373,pepito Muere JAJAJAJAAJAJAJA llamaste,0
896,Vino Terminator llamó manco jajajajajajajajsjajajjasj madrina HIJO juguete JAJAJAJJAA Drácula jajajaja vitaminas JAJAJASUELTENME casan,0
921,enojaste Alzheimer JAJAJAJAAJAJJA Abrir autopsia zapato árbol crudo,0
218,Doc Salud Escribiendo Compadre Lola JAJAJAJAJA Cuelga principal jajjajaja,0
311,televisión JAJAJAJAJAJAJAJA casaste llamó tsunami JAJAJAJJAJAJAJ hijita Ajajaja respondió gritaron juguete,0
1097,discapacitados ELIJO cortaron cinturón cubo sorprendido Alzheimer científicos compuesto echas JAJAJAJAJ,0
2083,planta Niñas jajajjajajajaja Agua JAJAJAJAJAJAJAJAJAJA,0
2139,defendiendo JAJAJAJAAJAJAJA albañiles JAJAJAA JAJAJAJAJAJA,0
1339,regresó Coger llola quemó bolita magos moscas desordenada noooo,0
1220,traficante telón ovejas escoba Jajajahaa cuéntale nació JAJAJAJAJÁ,0
1736,#4toCumpleañosJajaChistes Pene alcohólico @HADACON,0
1691,ajaja podía ninfómana Tienen Agua Neymar ji jajajjaj JAJACHISTES,0
1235,#JAJAJJA Jajajajajajajaja casó Muere arreglo Hablo Entendieron JAJAJAJAJAAJJA,0
722,Hablo cortante hijito CARA caros echas,0
158,Comida hazme #JAJAJJA terapia higiénico Drácula laboral objeto estatura pajarito,0
806,respondió Jajajajaja rompecabezas Pick Conclusión,0
1861,Jajajjaa blancos iPad solita Gallina champú tijera Pitbull,0
53,JaJaJa JAJAJAJAJAJ,0
1473,conejo funeral condon prestas,0
1358,2050 JAJAJAJASUELTENME escalera,0
1,xddddddddd cucarachas vendí LOLA 2acto @chistegenialxd speak #FelizCumpleañosJajaChistes crece Perra íbamos Thomas,0
1250,monjas,0
941,Tantos  bebo JAJAJAJAJAJAJAJAJAJAJAJAJAJAJAJAJAJAJAJAJAJAJAJAJAJAJAJAJAJAJAJAJAJA restaurante hacés Perra JAJAJAJAJAJAJAJAJAJAJAJAJAJAJA Buajaja callado Abuela perezoso,0
1117,Inmaduro,0
1976,regresó,0
646,ordenador engaña @HADACON JAJAJAJAJAJAJAJAJAJAJAJAJAJAJAJAJÁ @chistegenialxd #Los10MandamientosDelVago economía relleno,0
246,escoba Ahahah traga descubrió prehistoria Condones Sra sentarse JAJJJAJAAJAJAJAJJA,0
564,#JAJAJJA @hadacon vendí Cancelar oveja #Humor Bond chicles JAJAJAJAJAJAJAAJJAJAA Chiste Úselo NOO bolígrafo nublado agujero,0
1216,durísimo Coger corres Coger Señorita Maestra NOO Harlem Escribiendo sencillos Shake Conoces JAJAJAJAJAJAJAJAJAJAJAJAJAJA tiposJAJAJA AJAJAJAJAJAJAJAJAJAJA,0
1464,ELIJO cortaron JAJAJAJ vasito JAJAJAJAAJJAJAJAJAJAJA #Chis Creces,0
688,gravedad @JajaChistes JAJAJAAJ =D regresó árabe Mire adoptado JAJAJAJAJAJAJJAJA quítate,0
996,JAJAJAJJAJAA Pitbull relleno Jajajajajajajajajajaajajajajaja Jajá jajajajajajajajsjajajjasj jajajajaja Polo Idea Pedrito jajaja pollitos JAJAJAAJ,0
300,restaurante crece laboral autos 2050 álgebra bipolar,0
1701,Soltero sentó Jajajajajá jajajajja Deme,0
2180,JAJAJAJASUELTENME Jajajajajajajajajajajajajajajajajajaja Juana estallaJAJAJA Ave Gallina JAJAJAJASUELTENME bizco arriesgado Tantos bombillo JAJAvsiamlAñobgrfnkJAJAJA deme #JajaChistes @HADACON,0
1372,#FelizCumpleañosJajaChistes paracaídas planeado economía espacial JAJAJAJAJAJAJAJAJAJAJAJAJAJAJAJAJÁ Alzheimer coges  ajajajajaja JAJAJAJAJAJAJAAJJAJAA,0
592,leggins relleno Callate halloween @rrouvier JAJAJAJAJAJAJÁ AJAJAJAJAJAJAJ ‎ sordo transformer baba Habia,0
1011,prostitutas Daña hazme cuchillo finalmente Coger #Cortitos letrero _ʃʃ mecánico JAJAJAJJAJAJAJ,0
1349,Bond Pato vasito preservativo pasame frenos,0
1836,preferido,0
1523,xd jajajj #Anecdotas finalmente Eva,0
1987,tortugas,0
2097,#Los10MandamientosDelVago Lollapalooza subiste JAJJJAJAAJAJAJAJJA Agua sentó sentar JAJAJAJAJAJAJAJAJAJA lolaso engaña peces cubo Tienen,0
179,buzo nave jajajajajaja Jajajajajajajaj ajajajajaja Chica,0
1180,flota,0
1145,currículum mudo,0
1901,casemos arrastrándose revisando,0
835,lolla JAJSJAJAJAJAJA Hacemos xd Testigos diseñador pollitos JJAJAJAJAAJJA jajajajajajajajsjajajjasj Jajajajaja Lollapalooza tinta xddddddddd descubrí,0
1165,Quiénes xD caracol JAJAJAJA probado teléfonos casaste JAJAJAJAJAJAA prestas Jajaj Tienen nave ingeniero reproducirte Ajajaja,0
2094,"JAJAJJAJAJAAJA #Anecd .
. coges tsunami jardinero hacés Jajajajjaja JAJAJAJAJAJAJAJAJAJA objeto #humortico moco",0
642,gemelos #jajaja JAJAJAJAJAJAJAJAJAJAJAJAJAJAJAJAJAJAJA apuesta,0
748,Adivina servir jajajajja Vino coges jajajajajajajajajavier parcialmente Chin órganos Domino's Pregúntale JAJAJAJAJAJASUELTENME árbol JAJAJAJJAJAJA,0
317,two JAJAJAJJAJA,0
2020,Póngase Pick apareció reencarnación grité jajaja Década copiando Hablo Jajajajajajajajajajajajajaja #Cortitos,0
2063,ajajaj jjajajajajjajajajaja gastas,0
2143,adoptado terapeuta planta,0
823,burro Compadre callado,0
576,ATTE cubo flota traía jajjajaja enchufe Samsung gritaron Querida manzanas ardilla isla Sabés Animal gravedad,0
1435,arreglo JAJAJAA Hulk jajajajsjjjja Gangnam Wii speak JAJAJAA caros planta prostituta prostitutas Jajajajajajajajajajaja LOLA Sarahaha,0
39,bolígrafo zombie Jajajajajajajajajajajajajajajajajajaja jajajaja Jajajajjaja JJAJAJAJAAJJA letrero tenis sardina Jaja Aw martillo terapeuta LoL,0
470,Narnia Chin vitaminas vidrio Cuelga sabido psicólogos dejaré,0
2188,relleno tropezó JAJAJAJAJA jardinero presentó caería JAJAJAJAJAJAJA AJAJJAJAJAJAJAJAJA harías gritas 365,0
1847,tiré Terminamos cocodrilo Ray Década álgebra,0
743,ingeniero veterinario,0
2098,250 ajajajja discutiendo JAJAJAJAJAJAJAJAJAJAJAJAJ llamaría respondió sencillos JAJAJAJAJAJAJAJAJAJA mmm Pregúntale Luna preservativo,0
15,Pato Pene McDonalds agujero logré perezoso #JAJAJA JAJJJAJAAJAJAJAJJA fórmula Jajajjajajjaja,0
1938,Per bartender científico ELIJO,0
229,Thomas Animal,0
631,maquillada #Anecd flojo xdddddd letrero Daña JAJAJAJAJAJAJ buajajajajajaja sillas UY Ray pollitos cenizas,0
1944,Jajajajajajaja JAJAJA hacés ELIJO reproducirte cortaron Entendieron cadáver Recuerdas,0
463,coges cadáver ELIJO,0
254,pistola,0
1380,celulares PIZZA Jajajajajajajajajajajajajajajajajajaja Abuela PIZZA bebida jajajajajajjajq JAJAJAJAJAJAJÁ jjajajjajajajjajaja Fea enchufe,0
1261,alteré computador baterías Wii Loladrones HAHAHAH crudo barrer,0
1839,ajajajja sordo bipolar Pikachu femenino Jajajajjaja JAJAJAJAJAJAJAJAJAJAJAJAJAJAJAJAJAJAJAJAJAJAJAJAJAJAJAJAJAJAJAJAJAJAJAJAJJAJAJAJAJAJ Disculpa JAJAJAJAJAJAJAJAJAJAJAJAJAJAJAJAJAJAJAJAJAJAJAJAJAJAJAJAJAJAJAJAJAJAJAJAJJAJAJAJAJAJ Página reproducirte Empieza Jajajjajajjaja JAJAJAJJAJAJAJ DiCaprio,0
1020,jajajajajajaja Perfil transformer Mirá JAJAJAJAJAJAJAJÁ espermatozoide Ave JAJAJJAJAJAAJA crudo calentado ascensor,0
173,dálmata nube Cuándo cuéntale terror besito Duermo cupido,0
1733,JAJAJAJAJAJAJAJAJAJAJAJAJAJAJAJAJAJAJAJAJAJAJAJAAJAJAJAJAJA lolla Abuela secretaria caramelos testigos #Los10MandamientosDelVago,0
2064,jajajjajajajaja jajajaj JAJAJAJJAJA,0
824,lolaso,0
2195,#xD Compadre crece telón blancos hijita prostituta cubo,0
1009,jajajaajajajajajaj =D Acuario JAJAJAJASUELTENMEAPENAS #xD regresa ácido pegan corres calentado supuesto,0
476,sandwich Pikachu smartphone Wikipedia Bruce jajaa jjajajajajjajajajaja Ave colchones,0
366,tenían ajajjajajaj rió telón hada moscas Chiste capitán,0
102,ABUELO zapato confesarlo bebés Señorita #Chis sabido trasero #JAJAJA,0
1184,tigres revisando culpable Jajajjajajjaja veterinario ajajajja Niñas Conclusión LIKES cajas,0
947,Viagra Señorita ajajajajja moco speak maquillada Luna 2050,0
284,ajajajja JAJAJAJAJA leyenda automático jajajjajajajaja mmm pololo Fíjate JAJAJAJJAJAA laboral computador vendedor,0
2151,quitó naranjas jajajajsjjjja bala defendiendo hijito #XD JAJAJAJAJAJAA Muere Daña Idiota,0
1263,grité,0
961,velas @CamilaTuDiosaxD remoto Pene japonés reproducirte Cállate buzo Viste Narnia cayo Mirá orgía,0
557,Niñas aguantas Empieza piojo virus ballena ahorro tinta cumplido,0
1172,hahaha xDD ahorro ― JAJJJAJAAJAJAJAJJA champú JAJAJAJAJAJAJAJAJAJAJAJAJAJAJAJAJAJAJAJAJAJAJAJAJAJAJAJAJAJAJAJAJAJAJAJAJJAJAJAJAJAJ pistola Empieza SOLA Aw responda #FelizCumpleañosJajaChistes Domino's JAJAJAJAJAJANo,0
1863,paracaídas,0
155,Jajajaja JAJAJAJJAJAA gemelos currículum higiénico autos Ajjajaajajaja adivinas jajajajja,0
1088,ordenador JAJAJAJA JAJAJAAJAJAJA,0
949,Lógica Polo blancos bolita desordenada cajas farmacia JaJaJa JAJAJAJAJAJAJAJÁ,0
1902,jaula traficante jajajajajajaja,0
739,Jajajajajaja WiFi traficante Jajajahaa ninfómana letrero flotan caníbal,0
1330,nació tráigame supo Lola ratones xd Comida jajajajsjjjja moscas JAJAJAJASUELTENME buzo Cuelga,0
2182,bartender mecánico,0
1024,4x4 JAJAJAJAJAJAJAJAJA Toc testigos Perfil,0
288,JAJÁ sentó Ave Jajaj Jajajajá recreo mataron,0
1008,estallaJAJAJA incorrecta JÁ Aw secretaria cenizas dálmata Comida Samsung automático Ajjajaajajaja Chapo . .,0
853,albañiles AJAJJAJAJAJAJAJAJA xd pon haha prestas calculadora Aw Aw JAJAJAAJ estatura quítate rama,0
913,#CHISTE tenedor . ... diarios Pase PONCHES echas dálmata barrer llamaste logré JAJAJAJAAJAJAJA JAJAJAJAJAAJJA jaula,0
1830,Jajajajja #CHISTE Conoces perezoso funcionan euros Jajajajajaja atropelló aparato vendedor,0
1073,=D Sra Acto plátano Jajajajajajjajajajaja crece #ChisteMachista ⇆ Segura TOC,0
436,LOLLA ajjajajaja,0
269,. . fíjate Cállate preservativo,0
502,funcionan óptica quítate,0
1860,Perfil durísimo pollito Jajajajaajajajajajajajauajajaja jajajajajajaj lollapalooza femenino AJAJAJAJAJAJAJ gastos toro Adivina 2acto jjajajajajjajajajaja JAJAJAJAAJAJJA #JAJAJA,0
410,JAJAJAJAJAJA piojos cobra baba Chica,0
372,operación principal noooo ajajajaja JAJAJAJAJAJAJAJAJAJAJAJAJAJAJA #Anecdotas Cuelga Batman olvídalo JAJAJAJJAJAJ CARA Supe Jajajaja agotado,0
1647,jajahaa lol,0
101,ginecólogo pon,0
2113,parcialmente Per jajajajja ballena Príncipe bebes cobra Napoleón velas JAJAJAJ,0
689,carpintero nube Daña superficie cocodrilo coges Drácula #JajaChistesGAME JAJAJAJAJAJAJAJA Samsung,0
1096,reuniones serpiente jajaa tiposJAJAJA tirada #JajaChistesGAME Loladrones supo alcohólicos responda Shake 5000 PIZZA JAJAJAJJAJAJA,0
1796,estallaJAJAJA jajajajajjajajajajaj mierdaJAJAJSKSJA computadoras Jajajajajaja,0
1314,Rápido esposas escoba olvídalo #xD Tierra,0
2074,África ajedrez vendí ratero JAAJAJA bobo piojos palomas babor prostituta,0
1451,comillas,0
729,#xD fáciles Taxi LOL flaquita pollitos Viagra madrina terror ajajaja,0
600,hazme grité bombillo mecánico cobra Acuario xdd Jajajajaj biblioteca jajajajajaja GráficoJAJAJAJAJJA Salvador xddddddddd #Cortitos,0
1305,Piensalo peinado PIZZA JÁ Condones traga metí tropezó nació cucarachas fáciles,0
387,Perfil Terminamos ABUELO pájaro Cuándo 5000,0
845,ascensor leones Thomas currículum Cállate pollitos bizco felicito subiste Perdone TOC mataron JAJAJAJAJAJAJAJAJAJAJAJAJAJAJAJAJAJAJAJAJAJAJAJAJAJAJAJAJAJAJAJAJAJA,0
377,jajajajajajajajajajajajajaja orgía Excepto Perra JAJAJAJAJA Página Cállate meterlo llámame,0
1292,Ring akdjajajaja #4toCumpleañosJajaChistes japonés ³ meterlo caíste,0
198,cortaron condon piojos ABUELO JAJAJAJAJAJAJA Jajajajajajajaja,0
1253,Callate espermatozoide crudo condon JAAJAJA #chistesmalos,0
444,Coger vidrio #jajaja Sagua'aJAJAJA perezoso JAJAJAJAJAJAJAJAJAJAJAJAJAJA 2y JAJAJAJAJAJAJAJAJA prepare virginidad,0
974,JAJAJAJASUELTENMEAPENAS llamarse Alzheimer JAJAJAJAJAJAJAJAJAJAJAJAJAJAJAJAJÁ moco Barney DiCaprio cenizas felicito SUPUTAMADRE currículum confundido Coca-Cola caramelos Alcohol,0
1161,xdd Vienes finalmente Empieza JAJAJAJAJ Vienes JAJAJAJAJÁ peinado Jajajajajajaja martillo Pafuera jajajajajajajajaja,0
1690,confieso ascensor olvídalo JAJAJAJAJAJAJAJAJAJAJAJAJAJA,0
1646,magos felicito bebo GráficoJAJAJAJAJJA ordenadores Cállate veterinario Andrea leyenda CRISTOJAJAAJA Jajajaja,0
1695,conejo Adivina Thor coges Acto casemos jajjaja champú JAJAJAJAJAJAJA mataron fáciles cucarachas JAJAJAJASUELTENMEAPENAS espermatozoide,0
